SuiId,SuiNumber,SuiName,SuiStreet,SuiZipCode,SuiCity,SuiCreatedUseId,SuiModifiedUseId,SuiExtId,StiId,StiSuiId,StiMinId,StiNumber,StiDescription,StiWeight,StiNumberOfEggs,StiAverageEggWeight,StiCreatedDate,StiCreatedUseId,StiModifiedDate,StiModifiedUseId,StiSupplierName,StiSupplierNumber,HscStartDate,HscEndDate,HscHandCount1,HscHandCount2,HscHandCount3,HscSuiId,HscZoneId,HscMinId,HscInfeedManualCount1,HscInfeedManualCount2,HscInfeedManualCount3,HscInfeedManualCount4,HscStiId,HscId,HsdId,HsdParentId,HsdGradeIndex,HsdCount,HsdWeight,HsdCrackAcceptedCount,HsdCrackAcceptedWeight,HsdDirtAcceptedCount,HsdDirtAcceptedWeight,HsdGradeLimit,HsdGradeName,HsdInfeedCount,HsdInfeedWeight,HsdRehabCount,HsdRehabWeight,HsdInfeedGradeLimit,HsdInfeedGradeName
31,NULL,Rainer Becker - 44,,,0,5,NULL,NULL,48396,31,1,IP00011GW0278021,KN-355-26-02,0.00,0,NULL,2026-06-17 10:27:31.137,3,2026-06-18 02:34:54.170,NULL,Rainer Becker - 44,1-DE-1520701,2026-06-17 13:13:15.497,2026-06-18 05:16:40.560,0,0,0,31,1,NULL,0,0,0,0,48396,46873,387671,46873,0,1,87.57,0,0.00,0,0.00,83.00,XXL,33,2499.61,0,0.00,73.00,XLarg
31,NULL,Rainer Becker - 44,,,0,5,NULL,NULL,48396,31,1,IP00011GW0278021,KN-355-26-02,0.00,0,NULL,2026-06-17 10:27:31.137,3,2026-06-18 02:34:54.170,NULL,Rainer Becker - 44,1-DE-1520701,2026-06-17 13:13:15.497,2026-06-18 05:16:40.560,0,0,0,31,1,NULL,0,0,0,0,48396,46873,387672,46873,1,32,2412.04,0,0.00,0,0.00,73.00,XLarg,103,6882.14,0,0.00,63.00,Large
31,NULL,Rainer Becker - 44,,,0,5,NULL,NULL,48396,31,1,IP00011GW0278021,KN-355-26-02,0.00,0,NULL,2026-06-17 10:27:31.137,3,2026-06-18 02:34:54.170,NULL,Rainer Becker - 44,1-DE-1520701,2026-06-17 13:13:15.497,2026-06-18 05:16:40.560,0,0,0,31,1,NULL,0,0,0,0,48396,46873,387673,46873,2,103,6882.14,0,0.00,0,0.00,63.00,Large,3190,177500.92,0,0.00,53.00,Medi
31,NULL,Rainer Becker - 44,,,0,5,NULL,NULL,48396,31,1,IP00011GW0278021,KN-355-26-02,0.00,0,NULL,2026-06-17 10:27:31.137,3,2026-06-18 02:34:54.170,NULL,Rainer Becker - 44,1-DE-1520701,2026-06-17 13:13:15.497,2026-06-18 05:16:40.560,0,0,0,31,1,NULL,0,0,0,0,48396,46873,387674,46873,3,3190,177500.92,0,0.00,0,0.00,53.00,Medi,4808,239646.00,0,0.00,0.00,Small
31,NULL,Rainer Becker - 44,,,0,5,NULL,NULL,48396,31,1,IP00011GW0278021,KN-355-26-02,0.00,0,NULL,2026-06-17 10:27:31.137,3,2026-06-18 02:34:54.170,NULL,Rainer Becker - 44,1-DE-1520701,2026-06-17 13:13:15.497,2026-06-18 05:16:40.560,0,0,0,31,1,NULL,0,0,0,0,48396,46873,387675,46873,4,4808,239646.00,0,0.00,0,0.00,0.00,Small,0,0.00,0,0.00,0.00,
31,NULL,Rainer Becker - 44,,,0,5,NULL,NULL,48396,31,1,IP00011GW0278021,KN-355-26-02,0.00,0,NULL,2026-06-17 10:27:31.137,3,2026-06-18 02:34:54.170,NULL,Rainer Becker - 44,1-DE-1520701,2026-06-17 13:13:15.497,2026-06-18 05:16:40.560,0,0,0,31,1,NULL,0,0,0,0,48396,46873,387676,46873,11,0,0.00,NULL,NULL,NULL,NULL,0.00,Reject,0,0.00,NULL,NULL,0.00,Reject
31,NULL,Rainer Becker - 44,,,0,5,NULL,NULL,48396,31,1,IP00011GW0278021,KN-355-26-02,0.00,0,NULL,2026-06-17 10:27:31.137,3,2026-06-18 02:34:54.170,NULL,Rainer Becker - 44,1-DE-1520701,2026-06-17 13:13:15.497,2026-06-18 05:16:40.560,0,0,0,31,1,NULL,0,0,0,0,48396,46873,387677,46873,12,127,6448.82,NULL,NULL,NULL,NULL,0.00,Crack,127,6448.82,NULL,NULL,0.00,Crack
31,NULL,Rainer Becker - 44,,,0,5,NULL,NULL,48396,31,1,IP00011GW0278021,KN-355-26-02,0.00,0,NULL,2026-06-17 10:27:31.137,3,2026-06-18 02:34:54.170,NULL,Rainer Becker - 44,1-DE-1520701,2026-06-17 13:13:15.497,2026-06-18 05:16:40.560,0,0,0,31,1,NULL,0,0,0,0,48396,46873,387678,46873,13,332,17396.65,NULL,NULL,NULL,NULL,0.00,Dirt,332,17396.65,NULL,NULL,0.00,Dirt
31,NULL,Rainer Becker - 44,,,0,5,NULL,NULL,48396,31,1,IP00011GW0278021,KN-355-26-02,0.00,0,NULL,2026-06-17 10:27:31.137,3,2026-06-18 02:34:54.170,NULL,Rainer Becker - 44,1-DE-1520701,2026-06-17 13:13:15.497,2026-06-18 05:16:40.560,0,0,0,31,1,NULL,0,0,0,0,48396,46873,387679,46873,14,36,1883.89,NULL,NULL,NULL,NULL,0.00,Leakr,36,1883.89,NULL,NULL,0.00,Leakr
31,NULL,Rainer Becker - 44,,,0,5,NULL,NULL,48396,31,1,IP00011GW0278021,KN-355-26-02,0.00,0,NULL,2026-06-17 10:27:31.137,3,2026-06-18 02:34:54.170,NULL,Rainer Becker - 44,1-DE-1520701,2026-06-17 13:13:15.497,2026-06-18 05:16:40.560,0,0,0,31,1,NULL,0,0,0,0,48396,46873,387680,46873,15,0,0.00,NULL,NULL,NULL,NULL,0.00,Blood,0,0.00,NULL,NULL,0.00,Blood
78,NULL,Hühnerhof Steuden eGbR - 1,,,,5,NULL,NULL,48397,78,1,IP00011GW0278493,ST-B375-26-04,0.00,0,NULL,2026-06-18 02:31:08.017,3,2026-06-18 02:50:27.483,NULL,Hühnerhof Steuden eGbR - 1,0,2026-06-18 05:16:40.560,2026-06-18 05:32:13.960,0,0,0,78,1,NULL,0,0,0,0,48397,46874,387681,46874,0,0,0.00,0,0.00,0,0.00,83.00,XXL,0,0.00,0,0.00,73.00,XLarg
78,NULL,Hühnerhof Steuden eGbR - 1,,,,5,NULL,NULL,48397,78,1,IP00011GW0278493,ST-B375-26-04,0.00,0,NULL,2026-06-18 02:31:08.017,3,2026-06-18 02:50:27.483,NULL,Hühnerhof Steuden eGbR - 1,0,2026-06-18 05:16:40.560,2026-06-18 05:32:13.960,0,0,0,78,1,NULL,0,0,0,0,48397,46874,387682,46874,1,0,0.00,0,0.00,0,0.00,73.00,XLarg,155,10039.90,0,0.00,63.00,Large
78,NULL,Hühnerhof Steuden eGbR - 1,,,,5,NULL,NULL,48397,78,1,IP00011GW0278493,ST-B375-26-04,0.00,0,NULL,2026-06-18 02:31:08.017,3,2026-06-18 02:50:27.483,NULL,Hühnerhof Steuden eGbR - 1,0,2026-06-18 05:16:40.560,2026-06-18 05:32:13.960,0,0,0,78,1,NULL,0,0,0,0,48397,46874,387683,46874,2,155,10039.90,0,0.00,0,0.00,63.00,Large,9194,547891.74,0,0.00,53.00,Medi
78,NULL,Hühnerhof Steuden eGbR - 1,,,,5,NULL,NULL,48397,78,1,IP00011GW0278493,ST-B375-26-04,0.00,0,NULL,2026-06-18 02:31:08.017,3,2026-06-18 02:50:27.483,NULL,Hühnerhof Steuden eGbR - 1,0,2026-06-18 05:16:40.560,2026-06-18 05:32:13.960,0,0,0,78,1,NULL,0,0,0,0,48397,46874,387684,46874,3,9194,547891.74,0,0.00,0,0.00,53.00,Medi,51,2613.10,0,0.00,0.00,Small
78,NULL,Hühnerhof Steuden eGbR - 1,,,,5,NULL,NULL,48397,78,1,IP00011GW0278493,ST-B375-26-04,0.00,0,NULL,2026-06-18 02:31:08.017,3,2026-06-18 02:50:27.483,NULL,Hühnerhof Steuden eGbR - 1,0,2026-06-18 05:16:40.560,2026-06-18 05:32:13.960,0,0,0,78,1,NULL,0,0,0,0,48397,46874,387685,46874,4,51,2613.10,0,0.00,0,0.00,0.00,Small,0,0.00,0,0.00,0.00,
78,NULL,Hühnerhof Steuden eGbR - 1,,,,5,NULL,NULL,48397,78,1,IP00011GW0278493,ST-B375-26-04,0.00,0,NULL,2026-06-18 02:31:08.017,3,2026-06-18 02:50:27.483,NULL,Hühnerhof Steuden eGbR - 1,0,2026-06-18 05:16:40.560,2026-06-18 05:32:13.960,0,0,0,78,1,NULL,0,0,0,0,48397,46874,387686,46874,11,0,0.00,NULL,NULL,NULL,NULL,0.00,Reject,0,0.00,NULL,NULL,0.00,Reject
78,NULL,Hühnerhof Steuden eGbR - 1,,,,5,NULL,NULL,48397,78,1,IP00011GW0278493,ST-B375-26-04,0.00,0,NULL,2026-06-18 02:31:08.017,3,2026-06-18 02:50:27.483,NULL,Hühnerhof Steuden eGbR - 1,0,2026-06-18 05:16:40.560,2026-06-18 05:32:13.960,0,0,0,78,1,NULL,0,0,0,0,48397,46874,387687,46874,12,572,33894.48,NULL,NULL,NULL,NULL,0.00,Crack,572,33894.48,NULL,NULL,0.00,Crack
78,NULL,Hühnerhof Steuden eGbR - 1,,,,5,NULL,NULL,48397,78,1,IP00011GW0278493,ST-B375-26-04,0.00,0,NULL,2026-06-18 02:31:08.017,3,2026-06-18 02:50:27.483,NULL,Hühnerhof Steuden eGbR - 1,0,2026-06-18 05:16:40.560,2026-06-18 05:32:13.960,0,0,0,78,1,NULL,0,0,0,0,48397,46874,387688,46874,13,295,17639.86,NULL,NULL,NULL,NULL,0.00,Dirt,295,17639.86,NULL,NULL,0.00,Dirt
78,NULL,Hühnerhof Steuden eGbR - 1,,,,5,NULL,NULL,48397,78,1,IP00011GW0278493,ST-B375-26-04,0.00,0,NULL,2026-06-18 02:31:08.017,3,2026-06-18 02:50:27.483,NULL,Hühnerhof Steuden eGbR - 1,0,2026-06-18 05:16:40.560,2026-06-18 05:32:13.960,0,0,0,78,1,NULL,0,0,0,0,48397,46874,387689,46874,14,368,21961.50,NULL,NULL,NULL,NULL,0.00,Leakr,368,21961.50,NULL,NULL,0.00,Leakr
78,NULL,Hühnerhof Steuden eGbR - 1,,,,5,NULL,NULL,48397,78,1,IP00011GW0278493,ST-B375-26-04,0.00,0,NULL,2026-06-18 02:31:08.017,3,2026-06-18 02:50:27.483,NULL,Hühnerhof Steuden eGbR - 1,0,2026-06-18 05:16:40.560,2026-06-18 05:32:13.960,0,0,0,78,1,NULL,0,0,0,0,48397,46874,387690,46874,15,0,0.00,NULL,NULL,NULL,NULL,0.00,Blood,0,0.00,NULL,NULL,0.00,Blood
78,NULL,Hühnerhof Steuden eGbR - 1,,,,5,NULL,NULL,48398,78,1,IP00011GW0278489,ST-B375-26-05,0.00,0,NULL,2026-06-18 02:44:04.177,3,2026-06-18 03:01:11.897,NULL,Hühnerhof Steuden eGbR - 1,0,2026-06-18 05:32:13.960,2026-06-18 05:42:44.040,0,0,0,78,1,NULL,0,0,0,0,48398,46875,387691,46875,0,0,0.00,0,0.00,0,0.00,83.00,XXL,0,0.00,0,0.00,73.00,XLarg
78,NULL,Hühnerhof Steuden eGbR - 1,,,,5,NULL,NULL,48398,78,1,IP00011GW0278489,ST-B375-26-05,0.00,0,NULL,2026-06-18 02:44:04.177,3,2026-06-18 03:01:11.897,NULL,Hühnerhof Steuden eGbR - 1,0,2026-06-18 05:32:13.960,2026-06-18 05:42:44.040,0,0,0,78,1,NULL,0,0,0,0,48398,46875,387692,46875,1,0,0.00,0,0.00,0,0.00,73.00,XLarg,150,9630.00,0,0.00,63.00,Large
78,NULL,Hühnerhof Steuden eGbR - 1,,,,5,NULL,NULL,48398,78,1,IP00011GW0278489,ST-B375-26-05,0.00,0,NULL,2026-06-18 02:44:04.177,3,2026-06-18 03:01:11.897,NULL,Hühnerhof Steuden eGbR - 1,0,2026-06-18 05:32:13.960,2026-06-18 05:42:44.040,0,0,0,78,1,NULL,0,0,0,0,48398,46875,387693,46875,2,150,9630.00,0,0.00,0,0.00,63.00,Large,9848,585503.06,0,0.00,53.00,Medi
78,NULL,Hühnerhof Steuden eGbR - 1,,,,5,NULL,NULL,48398,78,1,IP00011GW0278489,ST-B375-26-05,0.00,0,NULL,2026-06-18 02:44:04.177,3,2026-06-18 03:01:11.897,NULL,Hühnerhof Steuden eGbR - 1,0,2026-06-18 05:32:13.960,2026-06-18 05:42:44.040,0,0,0,78,1,NULL,0,0,0,0,48398,46875,387694,46875,3,9848,585503.06,0,0.00,0,0.00,53.00,Medi,41,2140.26,0,0.00,0.00,Small
78,NULL,Hühnerhof Steuden eGbR - 1,,,,5,NULL,NULL,48398,78,1,IP00011GW0278489,ST-B375-26-05,0.00,0,NULL,2026-06-18 02:44:04.177,3,2026-06-18 03:01:11.897,NULL,Hühnerhof Steuden eGbR - 1,0,2026-06-18 05:32:13.960,2026-06-18 05:42:44.040,0,0,0,78,1,NULL,0,0,0,0,48398,46875,387695,46875,4,41,2140.26,0,0.00,0,0.00,0.00,Small,0,0.00,0,0.00,0.00,
78,NULL,Hühnerhof Steuden eGbR - 1,,,,5,NULL,NULL,48398,78,1,IP00011GW0278489,ST-B375-26-05,0.00,0,NULL,2026-06-18 02:44:04.177,3,2026-06-18 03:01:11.897,NULL,Hühnerhof Steuden eGbR - 1,0,2026-06-18 05:32:13.960,2026-06-18 05:42:44.040,0,0,0,78,1,NULL,0,0,0,0,48398,46875,387696,46875,11,0,0.00,NULL,NULL,NULL,NULL,0.00,Reject,0,0.00,NULL,NULL,0.00,Reject
78,NULL,Hühnerhof Steuden eGbR - 1,,,,5,NULL,NULL,48398,78,1,IP00011GW0278489,ST-B375-26-05,0.00,0,NULL,2026-06-18 02:44:04.177,3,2026-06-18 03:01:11.897,NULL,Hühnerhof Steuden eGbR - 1,0,2026-06-18 05:32:13.960,2026-06-18 05:42:44.040,0,0,0,78,1,NULL,0,0,0,0,48398,46875,387697,46875,12,411,24366.75,NULL,NULL,NULL,NULL,0.00,Crack,411,24366.75,NULL,NULL,0.00,Crack
78,NULL,Hühnerhof Steuden eGbR - 1,,,,5,NULL,NULL,48398,78,1,IP00011GW0278489,ST-B375-26-05,0.00,0,NULL,2026-06-18 02:44:04.177,3,2026-06-18 03:01:11.897,NULL,Hühnerhof Steuden eGbR - 1,0,2026-06-18 05:32:13.960,2026-06-18 05:42:44.040,0,0,0,78,1,NULL,0,0,0,0,48398,46875,387698,46875,13,129,7625.37,NULL,NULL,NULL,NULL,0.00,Dirt,129,7625.37,NULL,NULL,0.00,Dirt
78,NULL,Hühnerhof Steuden eGbR - 1,,,,5,NULL,NULL,48398,78,1,IP00011GW0278489,ST-B375-26-05,0.00,0,NULL,2026-06-18 02:44:04.177,3,2026-06-18 03:01:11.897,NULL,Hühnerhof Steuden eGbR - 1,0,2026-06-18 05:32:13.960,2026-06-18 05:42:44.040,0,0,0,78,1,NULL,0,0,0,0,48398,46875,387699,46875,14,178,10607.29,NULL,NULL,NULL,NULL,0.00,Leakr,178,10607.29,NULL,NULL,0.00,Leakr
78,NULL,Hühnerhof Steuden eGbR - 1,,,,5,NULL,NULL,48398,78,1,IP00011GW0278489,ST-B375-26-05,0.00,0,NULL,2026-06-18 02:44:04.177,3,2026-06-18 03:01:11.897,NULL,Hühnerhof Steuden eGbR - 1,0,2026-06-18 05:32:13.960,2026-06-18 05:42:44.040,0,0,0,78,1,NULL,0,0,0,0,48398,46875,387700,46875,15,1,59.70,NULL,NULL,NULL,NULL,0.00,Blood,1,59.70,NULL,NULL,0.00,Blood
36,NULL,Geflügelfarm Welbsleben G - 6,,,0,5,NULL,NULL,48399,36,1,,KE-368-26-05,0.00,0,NULL,2026-06-18 02:52:08.300,3,2026-06-18 03:05:27.950,NULL,Geflügelfarm Welbsleben G - 6,2-DE-1505804,2026-06-18 05:42:44.040,2026-06-18 05:47:02.070,0,0,0,36,1,NULL,0,0,0,0,48399,46876,387701,46876,0,0,0.00,0,0.00,0,0.00,83.00,XXL,9,683.94,0,0.00,73.00,XLarg
36,NULL,Geflügelfarm Welbsleben G - 6,,,0,5,NULL,NULL,48399,36,1,,KE-368-26-05,0.00,0,NULL,2026-06-18 02:52:08.300,3,2026-06-18 03:05:27.950,NULL,Geflügelfarm Welbsleben G - 6,2-DE-1505804,2026-06-18 05:42:44.040,2026-06-18 05:47:02.070,0,0,0,36,1,NULL,0,0,0,0,48399,46876,387702,46876,1,9,683.94,0,0.00,0,0.00,73.00,XLarg,1240,81223.72,0,0.00,63.00,Large
36,NULL,Geflügelfarm Welbsleben G - 6,,,0,5,NULL,NULL,48399,36,1,,KE-368-26-05,0.00,0,NULL,2026-06-18 02:52:08.300,3,2026-06-18 03:05:27.950,NULL,Geflügelfarm Welbsleben G - 6,2-DE-1505804,2026-06-18 05:42:44.040,2026-06-18 05:47:02.070,0,0,0,36,1,NULL,0,0,0,0,48399,46876,387703,46876,2,1240,81223.72,0,0.00,0,0.00,63.00,Large,2847,168570.34,0,0.00,53.00,Medi
36,NULL,Geflügelfarm Welbsleben G - 6,,,0,5,NULL,NULL,48399,36,1,,KE-368-26-05,0.00,0,NULL,2026-06-18 02:52:08.300,3,2026-06-18 03:05:27.950,NULL,Geflügelfarm Welbsleben G - 6,2-DE-1505804,2026-06-18 05:42:44.040,2026-06-18 05:47:02.070,0,0,0,36,1,NULL,0,0,0,0,48399,46876,387704,46876,3,2847,168570.34,0,0.00,0,0.00,53.00,Medi,95,4874.00,0,0.00,0.00,Small
36,NULL,Geflügelfarm Welbsleben G - 6,,,0,5,NULL,NULL,48399,36,1,,KE-368-26-05,0.00,0,NULL,2026-06-18 02:52:08.300,3,2026-06-18 03:05:27.950,NULL,Geflügelfarm Welbsleben G - 6,2-DE-1505804,2026-06-18 05:42:44.040,2026-06-18 05:47:02.070,0,0,0,36,1,NULL,0,0,0,0,48399,46876,387705,46876,4,95,4874.00,0,0.00,0,0.00,0.00,Small,0,0.00,0,0.00,0.00,
36,NULL,Geflügelfarm Welbsleben G - 6,,,0,5,NULL,NULL,48399,36,1,,KE-368-26-05,0.00,0,NULL,2026-06-18 02:52:08.300,3,2026-06-18 03:05:27.950,NULL,Geflügelfarm Welbsleben G - 6,2-DE-1505804,2026-06-18 05:42:44.040,2026-06-18 05:47:02.070,0,0,0,36,1,NULL,0,0,0,0,48399,46876,387706,46876,11,0,0.00,NULL,NULL,NULL,NULL,0.00,Reject,0,0.00,NULL,NULL,0.00,Reject
36,NULL,Geflügelfarm Welbsleben G - 6,,,0,5,NULL,NULL,48399,36,1,,KE-368-26-05,0.00,0,NULL,2026-06-18 02:52:08.300,3,2026-06-18 03:05:27.950,NULL,Geflügelfarm Welbsleben G - 6,2-DE-1505804,2026-06-18 05:42:44.040,2026-06-18 05:47:02.070,0,0,0,36,1,NULL,0,0,0,0,48399,46876,387707,46876,12,80,4980.65,NULL,NULL,NULL,NULL,0.00,Crack,80,4980.65,NULL,NULL,0.00,Crack
36,NULL,Geflügelfarm Welbsleben G - 6,,,0,5,NULL,NULL,48399,36,1,,KE-368-26-05,0.00,0,NULL,2026-06-18 02:52:08.300,3,2026-06-18 03:05:27.950,NULL,Geflügelfarm Welbsleben G - 6,2-DE-1505804,2026-06-18 05:42:44.040,2026-06-18 05:47:02.070,0,0,0,36,1,NULL,0,0,0,0,48399,46876,387708,46876,13,29,1749.23,NULL,NULL,NULL,NULL,0.00,Dirt,29,1749.23,NULL,NULL,0.00,Dirt
36,NULL,Geflügelfarm Welbsleben G - 6,,,0,5,NULL,NULL,48399,36,1,,KE-368-26-05,0.00,0,NULL,2026-06-18 02:52:08.300,3,2026-06-18 03:05:27.950,NULL,Geflügelfarm Welbsleben G - 6,2-DE-1505804,2026-06-18 05:42:44.040,2026-06-18 05:47:02.070,0,0,0,36,1,NULL,0,0,0,0,48399,46876,387709,46876,14,13,794.72,NULL,NULL,NULL,NULL,0.00,Leakr,13,794.72,NULL,NULL,0.00,Leakr
36,NULL,Geflügelfarm Welbsleben G - 6,,,0,5,NULL,NULL,48399,36,1,,KE-368-26-05,0.00,0,NULL,2026-06-18 02:52:08.300,3,2026-06-18 03:05:27.950,NULL,Geflügelfarm Welbsleben G - 6,2-DE-1505804,2026-06-18 05:42:44.040,2026-06-18 05:47:02.070,0,0,0,36,1,NULL,0,0,0,0,48399,46876,387710,46876,15,0,0.00,NULL,NULL,NULL,NULL,0.00,Blood,0,0.00,NULL,NULL,0.00,Blood
74,NULL,Farm Kelbra GmbH - 63,,,0,5,NULL,NULL,48400,74,1,IP00011GW0278406,KE-368-26-03,0.00,0,NULL,2026-06-18 02:58:44.480,3,2026-06-18 03:14:41.210,NULL,Farm Kelbra GmbH - 63,2-DE-1505801,2026-06-18 05:47:02.070,2026-06-18 05:56:15.490,0,0,0,74,1,NULL,0,0,0,0,48400,46877,387711,46877,0,7,613.37,0,0.00,0,0.00,83.00,XXL,25,1974.42,0,0.00,73.00,XLarg
74,NULL,Farm Kelbra GmbH - 63,,,0,5,NULL,NULL,48400,74,1,IP00011GW0278406,KE-368-26-03,0.00,0,NULL,2026-06-18 02:58:44.480,3,2026-06-18 03:14:41.210,NULL,Farm Kelbra GmbH - 63,2-DE-1505801,2026-06-18 05:47:02.070,2026-06-18 05:56:15.490,0,0,0,74,1,NULL,0,0,0,0,48400,46877,387712,46877,1,18,1361.05,0,0.00,0,0.00,73.00,XLarg,2261,147342.94,0,0.00,63.00,Large
74,NULL,Farm Kelbra GmbH - 63,,,0,5,NULL,NULL,48400,74,1,IP00011GW0278406,KE-368-26-03,0.00,0,NULL,2026-06-18 02:58:44.480,3,2026-06-18 03:14:41.210,NULL,Farm Kelbra GmbH - 63,2-DE-1505801,2026-06-18 05:47:02.070,2026-06-18 05:56:15.490,0,0,0,74,1,NULL,0,0,0,0,48400,46877,387713,46877,2,2261,147342.94,0,0.00,0,0.00,63.00,Large,7966,469437.83,0,0.00,53.00,Medi
74,NULL,Farm Kelbra GmbH - 63,,,0,5,NULL,NULL,48400,74,1,IP00011GW0278406,KE-368-26-03,0.00,0,NULL,2026-06-18 02:58:44.480,3,2026-06-18 03:14:41.210,NULL,Farm Kelbra GmbH - 63,2-DE-1505801,2026-06-18 05:47:02.070,2026-06-18 05:56:15.490,0,0,0,74,1,NULL,0,0,0,0,48400,46877,387714,46877,3,7966,469437.83,0,0.00,0,0.00,53.00,Medi,309,15890.90,0,0.00,0.00,Small
74,NULL,Farm Kelbra GmbH - 63,,,0,5,NULL,NULL,48400,74,1,IP00011GW0278406,KE-368-26-03,0.00,0,NULL,2026-06-18 02:58:44.480,3,2026-06-18 03:14:41.210,NULL,Farm Kelbra GmbH - 63,2-DE-1505801,2026-06-18 05:47:02.070,2026-06-18 05:56:15.490,0,0,0,74,1,NULL,0,0,0,0,48400,46877,387715,46877,4,309,15890.90,0,0.00,0,0.00,0.00,Small,0,0.00,0,0.00,0.00,
74,NULL,Farm Kelbra GmbH - 63,,,0,5,NULL,NULL,48400,74,1,IP00011GW0278406,KE-368-26-03,0.00,0,NULL,2026-06-18 02:58:44.480,3,2026-06-18 03:14:41.210,NULL,Farm Kelbra GmbH - 63,2-DE-1505801,2026-06-18 05:47:02.070,2026-06-18 05:56:15.490,0,0,0,74,1,NULL,0,0,0,0,48400,46877,387716,46877,11,0,0.00,NULL,NULL,NULL,NULL,0.00,Reject,0,0.00,NULL,NULL,0.00,Reject
74,NULL,Farm Kelbra GmbH - 63,,,0,5,NULL,NULL,48400,74,1,IP00011GW0278406,KE-368-26-03,0.00,0,NULL,2026-06-18 02:58:44.480,3,2026-06-18 03:14:41.210,NULL,Farm Kelbra GmbH - 63,2-DE-1505801,2026-06-18 05:47:02.070,2026-06-18 05:56:15.490,0,0,0,74,1,NULL,0,0,0,0,48400,46877,387717,46877,12,93,5630.24,NULL,NULL,NULL,NULL,0.00,Crack,93,5630.24,NULL,NULL,0.00,Crack
74,NULL,Farm Kelbra GmbH - 63,,,0,5,NULL,NULL,48400,74,1,IP00011GW0278406,KE-368-26-03,0.00,0,NULL,2026-06-18 02:58:44.480,3,2026-06-18 03:14:41.210,NULL,Farm Kelbra GmbH - 63,2-DE-1505801,2026-06-18 05:47:02.070,2026-06-18 05:56:15.490,0,0,0,74,1,NULL,0,0,0,0,48400,46877,387718,46877,13,93,5588.00,NULL,NULL,NULL,NULL,0.00,Dirt,93,5588.00,NULL,NULL,0.00,Dirt
74,NULL,Farm Kelbra GmbH - 63,,,0,5,NULL,NULL,48400,74,1,IP00011GW0278406,KE-368-26-03,0.00,0,NULL,2026-06-18 02:58:44.480,3,2026-06-18 03:14:41.210,NULL,Farm Kelbra GmbH - 63,2-DE-1505801,2026-06-18 05:47:02.070,2026-06-18 05:56:15.490,0,0,0,74,1,NULL,0,0,0,0,48400,46877,387719,46877,14,11,661.40,NULL,NULL,NULL,NULL,0.00,Leakr,11,661.40,NULL,NULL,0.00,Leakr
74,NULL,Farm Kelbra GmbH - 63,,,0,5,NULL,NULL,48400,74,1,IP00011GW0278406,KE-368-26-03,0.00,0,NULL,2026-06-18 02:58:44.480,3,2026-06-18 03:14:41.210,NULL,Farm Kelbra GmbH - 63,2-DE-1505801,2026-06-18 05:47:02.070,2026-06-18 05:56:15.490,0,0,0,74,1,NULL,0,0,0,0,48400,46877,387720,46877,15,0,0.00,NULL,NULL,NULL,NULL,0.00,Blood,0,0.00,NULL,NULL,0.00,Blood
72,NULL,Farm Kelbra GmbH - 62,,,0,5,NULL,NULL,48401,72,1,IP00011GW0278403,KE-368-26-02,0.00,0,NULL,2026-06-18 03:03:51.500,3,2026-06-18 03:22:52.460,NULL,Farm Kelbra GmbH - 62,2-DE-1505801,2026-06-18 05:56:15.490,2026-06-18 06:04:26.290,0,0,0,72,1,NULL,0,0,0,0,48401,46878,387721,46878,0,4,353.06,0,0.00,0,0.00,83.00,XXL,16,1286.62,0,0.00,73.00,XLarg
72,NULL,Farm Kelbra GmbH - 62,,,0,5,NULL,NULL,48401,72,1,IP00011GW0278403,KE-368-26-02,0.00,0,NULL,2026-06-18 03:03:51.500,3,2026-06-18 03:22:52.460,NULL,Farm Kelbra GmbH - 62,2-DE-1505801,2026-06-18 05:56:15.490,2026-06-18 06:04:26.290,0,0,0,72,1,NULL,0,0,0,0,48401,46878,387722,46878,1,12,933.56,0,0.00,0,0.00,72.60,XLarg,2400,156499.59,0,0.00,63.00,Large
72,NULL,Farm Kelbra GmbH - 62,,,0,5,NULL,NULL,48401,72,1,IP00011GW0278403,KE-368-26-02,0.00,0,NULL,2026-06-18 03:03:51.500,3,2026-06-18 03:22:52.460,NULL,Farm Kelbra GmbH - 62,2-DE-1505801,2026-06-18 05:56:15.490,2026-06-18 06:04:26.290,0,0,0,72,1,NULL,0,0,0,0,48401,46878,387723,46878,2,2400,156499.59,0,0.00,0,0.00,63.00,Large,7906,466510.60,0,0.00,53.00,Medi
72,NULL,Farm Kelbra GmbH - 62,,,0,5,NULL,NULL,48401,72,1,IP00011GW0278403,KE-368-26-02,0.00,0,NULL,2026-06-18 03:03:51.500,3,2026-06-18 03:22:52.460,NULL,Farm Kelbra GmbH - 62,2-DE-1505801,2026-06-18 05:56:15.490,2026-06-18 06:04:26.290,0,0,0,72,1,NULL,0,0,0,0,48401,46878,387724,46878,3,7906,466510.60,0,0.00,0,0.00,53.00,Medi,256,13156.09,0,0.00,0.00,Small
72,NULL,Farm Kelbra GmbH - 62,,,0,5,NULL,NULL,48401,72,1,IP00011GW0278403,KE-368-26-02,0.00,0,NULL,2026-06-18 03:03:51.500,3,2026-06-18 03:22:52.460,NULL,Farm Kelbra GmbH - 62,2-DE-1505801,2026-06-18 05:56:15.490,2026-06-18 06:04:26.290,0,0,0,72,1,NULL,0,0,0,0,48401,46878,387725,46878,4,256,13156.09,0,0.00,0,0.00,0.00,Small,0,0.00,0,0.00,0.00,
72,NULL,Farm Kelbra GmbH - 62,,,0,5,NULL,NULL,48401,72,1,IP00011GW0278403,KE-368-26-02,0.00,0,NULL,2026-06-18 03:03:51.500,3,2026-06-18 03:22:52.460,NULL,Farm Kelbra GmbH - 62,2-DE-1505801,2026-06-18 05:56:15.490,2026-06-18 06:04:26.290,0,0,0,72,1,NULL,0,0,0,0,48401,46878,387726,46878,11,0,0.00,NULL,NULL,NULL,NULL,0.00,Reject,0,0.00,NULL,NULL,0.00,Reject
72,NULL,Farm Kelbra GmbH - 62,,,0,5,NULL,NULL,48401,72,1,IP00011GW0278403,KE-368-26-02,0.00,0,NULL,2026-06-18 03:03:51.500,3,2026-06-18 03:22:52.460,NULL,Farm Kelbra GmbH - 62,2-DE-1505801,2026-06-18 05:56:15.490,2026-06-18 06:04:26.290,0,0,0,72,1,NULL,0,0,0,0,48401,46878,387727,46878,12,60,3593.61,NULL,NULL,NULL,NULL,0.00,Crack,60,3593.61,NULL,NULL,0.00,Crack
72,NULL,Farm Kelbra GmbH - 62,,,0,5,NULL,NULL,48401,72,1,IP00011GW0278403,KE-368-26-02,0.00,0,NULL,2026-06-18 03:03:51.500,3,2026-06-18 03:22:52.460,NULL,Farm Kelbra GmbH - 62,2-DE-1505801,2026-06-18 05:56:15.490,2026-06-18 06:04:26.290,0,0,0,72,1,NULL,0,0,0,0,48401,46878,387728,46878,13,126,7625.11,NULL,NULL,NULL,NULL,0.00,Dirt,126,7625.11,NULL,NULL,0.00,Dirt
72,NULL,Farm Kelbra GmbH - 62,,,0,5,NULL,NULL,48401,72,1,IP00011GW0278403,KE-368-26-02,0.00,0,NULL,2026-06-18 03:03:51.500,3,2026-06-18 03:22:52.460,NULL,Farm Kelbra GmbH - 62,2-DE-1505801,2026-06-18 05:56:15.490,2026-06-18 06:04:26.290,0,0,0,72,1,NULL,0,0,0,0,48401,46878,387729,46878,14,16,964.38,NULL,NULL,NULL,NULL,0.00,Leakr,16,964.38,NULL,NULL,0.00,Leakr
72,NULL,Farm Kelbra GmbH - 62,,,0,5,NULL,NULL,48401,72,1,IP00011GW0278403,KE-368-26-02,0.00,0,NULL,2026-06-18 03:03:51.500,3,2026-06-18 03:22:52.460,NULL,Farm Kelbra GmbH - 62,2-DE-1505801,2026-06-18 05:56:15.490,2026-06-18 06:04:26.290,0,0,0,72,1,NULL,0,0,0,0,48401,46878,387730,46878,15,2,126.15,NULL,NULL,NULL,NULL,0.00,Blood,2,126.15,NULL,NULL,0.00,Blood
38,NULL,Hühnerhof Lohse KG - 3,,,0,5,NULL,NULL,48402,38,1,IP00011GW0278553,B-B376-26-01,0.00,0,NULL,2026-06-18 03:12:39.243,3,2026-06-18 03:31:02.440,NULL,Hühnerhof Lohse KG - 3,2-DE-1500702,2026-06-18 06:04:26.290,2026-06-18 06:12:37.080,0,0,0,38,1,NULL,0,0,0,0,48402,46879,387731,46879,0,0,0.00,0,0.00,0,0.00,83.00,XXL,265,19934.55,0,0.00,73.00,XLarg
38,NULL,Hühnerhof Lohse KG - 3,,,0,5,NULL,NULL,48402,38,1,IP00011GW0278553,B-B376-26-01,0.00,0,NULL,2026-06-18 03:12:39.243,3,2026-06-18 03:31:02.440,NULL,Hühnerhof Lohse KG - 3,2-DE-1500702,2026-06-18 06:04:26.290,2026-06-18 06:12:37.080,0,0,0,38,1,NULL,0,0,0,0,48402,46879,387732,46879,1,314,23500.86,0,0.00,0,0.00,72.60,XLarg,4738,315297.67,0,0.00,63.00,Large
38,NULL,Hühnerhof Lohse KG - 3,,,0,5,NULL,NULL,48402,38,1,IP00011GW0278553,B-B376-26-01,0.00,0,NULL,2026-06-18 03:12:39.243,3,2026-06-18 03:31:02.440,NULL,Hühnerhof Lohse KG - 3,2-DE-1500702,2026-06-18 06:04:26.290,2026-06-18 06:12:37.080,0,0,0,38,1,NULL,0,0,0,0,48402,46879,387733,46879,2,4689,311731.36,0,0.00,0,0.00,63.00,Large,4512,269635.05,0,0.00,53.00,Medi
38,NULL,Hühnerhof Lohse KG - 3,,,0,5,NULL,NULL,48402,38,1,IP00011GW0278553,B-B376-26-01,0.00,0,NULL,2026-06-18 03:12:39.243,3,2026-06-18 03:31:02.440,NULL,Hühnerhof Lohse KG - 3,2-DE-1500702,2026-06-18 06:04:26.290,2026-06-18 06:12:37.080,0,0,0,38,1,NULL,0,0,0,0,48402,46879,387734,46879,3,4512,269635.05,0,0.00,0,0.00,53.00,Medi,84,4227.00,0,0.00,0.00,Small
38,NULL,Hühnerhof Lohse KG - 3,,,0,5,NULL,NULL,48402,38,1,IP00011GW0278553,B-B376-26-01,0.00,0,NULL,2026-06-18 03:12:39.243,3,2026-06-18 03:31:02.440,NULL,Hühnerhof Lohse KG - 3,2-DE-1500702,2026-06-18 06:04:26.290,2026-06-18 06:12:37.080,0,0,0,38,1,NULL,0,0,0,0,48402,46879,387735,46879,4,84,4227.00,0,0.00,0,0.00,0.00,Small,0,0.00,0,0.00,0.00,
38,NULL,Hühnerhof Lohse KG - 3,,,0,5,NULL,NULL,48402,38,1,IP00011GW0278553,B-B376-26-01,0.00,0,NULL,2026-06-18 03:12:39.243,3,2026-06-18 03:31:02.440,NULL,Hühnerhof Lohse KG - 3,2-DE-1500702,2026-06-18 06:04:26.290,2026-06-18 06:12:37.080,0,0,0,38,1,NULL,0,0,0,0,48402,46879,387736,46879,11,0,0.00,NULL,NULL,NULL,NULL,0.00,Reject,0,0.00,NULL,NULL,0.00,Reject
38,NULL,Hühnerhof Lohse KG - 3,,,0,5,NULL,NULL,48402,38,1,IP00011GW0278553,B-B376-26-01,0.00,0,NULL,2026-06-18 03:12:39.243,3,2026-06-18 03:31:02.440,NULL,Hühnerhof Lohse KG - 3,2-DE-1500702,2026-06-18 06:04:26.290,2026-06-18 06:12:37.080,0,0,0,38,1,NULL,0,0,0,0,48402,46879,387737,46879,12,926,58690.77,NULL,NULL,NULL,NULL,0.00,Crack,926,58690.77,NULL,NULL,0.00,Crack
38,NULL,Hühnerhof Lohse KG - 3,,,0,5,NULL,NULL,48402,38,1,IP00011GW0278553,B-B376-26-01,0.00,0,NULL,2026-06-18 03:12:39.243,3,2026-06-18 03:31:02.440,NULL,Hühnerhof Lohse KG - 3,2-DE-1500702,2026-06-18 06:04:26.290,2026-06-18 06:12:37.080,0,0,0,38,1,NULL,0,0,0,0,48402,46879,387738,46879,13,113,7103.58,NULL,NULL,NULL,NULL,0.00,Dirt,113,7103.58,NULL,NULL,0.00,Dirt
38,NULL,Hühnerhof Lohse KG - 3,,,0,5,NULL,NULL,48402,38,1,IP00011GW0278553,B-B376-26-01,0.00,0,NULL,2026-06-18 03:12:39.243,3,2026-06-18 03:31:02.440,NULL,Hühnerhof Lohse KG - 3,2-DE-1500702,2026-06-18 06:04:26.290,2026-06-18 06:12:37.080,0,0,0,38,1,NULL,0,0,0,0,48402,46879,387739,46879,14,135,8551.99,NULL,NULL,NULL,NULL,0.00,Leakr,135,8551.99,NULL,NULL,0.00,Leakr
38,NULL,Hühnerhof Lohse KG - 3,,,0,5,NULL,NULL,48402,38,1,IP00011GW0278553,B-B376-26-01,0.00,0,NULL,2026-06-18 03:12:39.243,3,2026-06-18 03:31:02.440,NULL,Hühnerhof Lohse KG - 3,2-DE-1500702,2026-06-18 06:04:26.290,2026-06-18 06:12:37.080,0,0,0,38,1,NULL,0,0,0,0,48402,46879,387740,46879,15,4,275.17,NULL,NULL,NULL,NULL,0.00,Blood,4,275.17,NULL,NULL,0.00,Blood
72,NULL,Farm Kelbra GmbH - 62,,,0,5,NULL,NULL,48403,72,1,IP00011GW0278404,KE-368-26-01,0.00,0,NULL,2026-06-18 03:19:07.427,3,2026-06-18 03:39:26.383,NULL,Farm Kelbra GmbH - 62,2-DE-1505801,2026-06-18 06:12:37.080,2026-06-18 06:20:58.780,0,0,0,72,1,NULL,0,0,0,0,48403,46880,387741,46880,0,3,274.11,0,0.00,0,0.00,83.00,XXL,12,942.77,0,0.00,73.00,XLarg
72,NULL,Farm Kelbra GmbH - 62,,,0,5,NULL,NULL,48403,72,1,IP00011GW0278404,KE-368-26-01,0.00,0,NULL,2026-06-18 03:19:07.427,3,2026-06-18 03:39:26.383,NULL,Farm Kelbra GmbH - 62,2-DE-1505801,2026-06-18 06:12:37.080,2026-06-18 06:20:58.780,0,0,0,72,1,NULL,0,0,0,0,48403,46880,387742,46880,1,12,887.24,0,0.00,0,0.00,72.60,XLarg,2426,158163.99,0,0.00,63.00,Large
72,NULL,Farm Kelbra GmbH - 62,,,0,5,NULL,NULL,48403,72,1,IP00011GW0278404,KE-368-26-01,0.00,0,NULL,2026-06-18 03:19:07.427,3,2026-06-18 03:39:26.383,NULL,Farm Kelbra GmbH - 62,2-DE-1505801,2026-06-18 06:12:37.080,2026-06-18 06:20:58.780,0,0,0,72,1,NULL,0,0,0,0,48403,46880,387743,46880,2,2423,157945.41,0,0.00,0,0.00,63.00,Large,7885,465185.06,0,0.00,53.00,Medi
72,NULL,Farm Kelbra GmbH - 62,,,0,5,NULL,NULL,48403,72,1,IP00011GW0278404,KE-368-26-01,0.00,0,NULL,2026-06-18 03:19:07.427,3,2026-06-18 03:39:26.383,NULL,Farm Kelbra GmbH - 62,2-DE-1505801,2026-06-18 06:12:37.080,2026-06-18 06:20:58.780,0,0,0,72,1,NULL,0,0,0,0,48403,46880,387744,46880,3,7885,465185.06,0,0.00,0,0.00,53.00,Medi,245,12566.12,0,0.00,0.00,Small
72,NULL,Farm Kelbra GmbH - 62,,,0,5,NULL,NULL,48403,72,1,IP00011GW0278404,KE-368-26-01,0.00,0,NULL,2026-06-18 03:19:07.427,3,2026-06-18 03:39:26.383,NULL,Farm Kelbra GmbH - 62,2-DE-1505801,2026-06-18 06:12:37.080,2026-06-18 06:20:58.780,0,0,0,72,1,NULL,0,0,0,0,48403,46880,387745,46880,4,245,12566.12,0,0.00,0,0.00,0.00,Small,0,0.00,0,0.00,0.00,
72,NULL,Farm Kelbra GmbH - 62,,,0,5,NULL,NULL,48403,72,1,IP00011GW0278404,KE-368-26-01,0.00,0,NULL,2026-06-18 03:19:07.427,3,2026-06-18 03:39:26.383,NULL,Farm Kelbra GmbH - 62,2-DE-1505801,2026-06-18 06:12:37.080,2026-06-18 06:20:58.780,0,0,0,72,1,NULL,0,0,0,0,48403,46880,387746,46880,11,0,0.00,NULL,NULL,NULL,NULL,0.00,Reject,0,0.00,NULL,NULL,0.00,Reject
72,NULL,Farm Kelbra GmbH - 62,,,0,5,NULL,NULL,48403,72,1,IP00011GW0278404,KE-368-26-01,0.00,0,NULL,2026-06-18 03:19:07.427,3,2026-06-18 03:39:26.383,NULL,Farm Kelbra GmbH - 62,2-DE-1505801,2026-06-18 06:12:37.080,2026-06-18 06:20:58.780,0,0,0,72,1,NULL,0,0,0,0,48403,46880,387747,46880,12,73,4366.42,NULL,NULL,NULL,NULL,0.00,Crack,73,4366.42,NULL,NULL,0.00,Crack
72,NULL,Farm Kelbra GmbH - 62,,,0,5,NULL,NULL,48403,72,1,IP00011GW0278404,KE-368-26-01,0.00,0,NULL,2026-06-18 03:19:07.427,3,2026-06-18 03:39:26.383,NULL,Farm Kelbra GmbH - 62,2-DE-1505801,2026-06-18 06:12:37.080,2026-06-18 06:20:58.780,0,0,0,72,1,NULL,0,0,0,0,48403,46880,387748,46880,13,128,7733.56,NULL,NULL,NULL,NULL,0.00,Dirt,128,7733.56,NULL,NULL,0.00,Dirt
72,NULL,Farm Kelbra GmbH - 62,,,0,5,NULL,NULL,48403,72,1,IP00011GW0278404,KE-368-26-01,0.00,0,NULL,2026-06-18 03:19:07.427,3,2026-06-18 03:39:26.383,NULL,Farm Kelbra GmbH - 62,2-DE-1505801,2026-06-18 06:12:37.080,2026-06-18 06:20:58.780,0,0,0,72,1,NULL,0,0,0,0,48403,46880,387749,46880,14,15,906.28,NULL,NULL,NULL,NULL,0.00,Leakr,15,906.28,NULL,NULL,0.00,Leakr
72,NULL,Farm Kelbra GmbH - 62,,,0,5,NULL,NULL,48403,72,1,IP00011GW0278404,KE-368-26-01,0.00,0,NULL,2026-06-18 03:19:07.427,3,2026-06-18 03:39:26.383,NULL,Farm Kelbra GmbH - 62,2-DE-1505801,2026-06-18 06:12:37.080,2026-06-18 06:20:58.780,0,0,0,72,1,NULL,0,0,0,0,48403,46880,387750,46880,15,0,0.00,NULL,NULL,NULL,NULL,0.00,Blood,0,0.00,NULL,NULL,0.00,Blood
74,NULL,Farm Kelbra GmbH - 63,,,0,5,NULL,NULL,48404,74,1,IP00011GW0278405,KE-368-26-04,0.00,0,NULL,2026-06-18 03:29:15.467,3,2026-06-18 03:47:37.817,NULL,Farm Kelbra GmbH - 63,2-DE-1505801,2026-06-18 06:20:58.780,2026-06-18 06:29:09.570,0,0,0,74,1,NULL,0,0,0,0,48404,46881,387751,46881,0,4,340.77,0,0.00,0,0.00,83.00,XXL,22,1731.39,0,0.00,73.00,XLarg
74,NULL,Farm Kelbra GmbH - 63,,,0,5,NULL,NULL,48404,74,1,IP00011GW0278405,KE-368-26-04,0.00,0,NULL,2026-06-18 03:29:15.467,3,2026-06-18 03:47:37.817,NULL,Farm Kelbra GmbH - 63,2-DE-1505801,2026-06-18 06:20:58.780,2026-06-18 06:29:09.570,0,0,0,74,1,NULL,0,0,0,0,48404,46881,387752,46881,1,22,1681.21,0,0.00,0,0.00,72.60,XLarg,2273,148229.64,0,0.00,63.00,Large
74,NULL,Farm Kelbra GmbH - 63,,,0,5,NULL,NULL,48404,74,1,IP00011GW0278405,KE-368-26-04,0.00,0,NULL,2026-06-18 03:29:15.467,3,2026-06-18 03:47:37.817,NULL,Farm Kelbra GmbH - 63,2-DE-1505801,2026-06-18 06:20:58.780,2026-06-18 06:29:09.570,0,0,0,74,1,NULL,0,0,0,0,48404,46881,387753,46881,2,2269,147939.05,0,0.00,0,0.00,63.00,Large,8072,475719.71,0,0.00,53.00,Medi
74,NULL,Farm Kelbra GmbH - 63,,,0,5,NULL,NULL,48404,74,1,IP00011GW0278405,KE-368-26-04,0.00,0,NULL,2026-06-18 03:29:15.467,3,2026-06-18 03:47:37.817,NULL,Farm Kelbra GmbH - 63,2-DE-1505801,2026-06-18 06:20:58.780,2026-06-18 06:29:09.570,0,0,0,74,1,NULL,0,0,0,0,48404,46881,387754,46881,3,8072,475719.71,0,0.00,0,0.00,53.00,Medi,257,13231.79,0,0.00,0.00,Small
74,NULL,Farm Kelbra GmbH - 63,,,0,5,NULL,NULL,48404,74,1,IP00011GW0278405,KE-368-26-04,0.00,0,NULL,2026-06-18 03:29:15.467,3,2026-06-18 03:47:37.817,NULL,Farm Kelbra GmbH - 63,2-DE-1505801,2026-06-18 06:20:58.780,2026-06-18 06:29:09.570,0,0,0,74,1,NULL,0,0,0,0,48404,46881,387755,46881,4,257,13231.79,0,0.00,0,0.00,0.00,Small,0,0.00,0,0.00,0.00,
74,NULL,Farm Kelbra GmbH - 63,,,0,5,NULL,NULL,48404,74,1,IP00011GW0278405,KE-368-26-04,0.00,0,NULL,2026-06-18 03:29:15.467,3,2026-06-18 03:47:37.817,NULL,Farm Kelbra GmbH - 63,2-DE-1505801,2026-06-18 06:20:58.780,2026-06-18 06:29:09.570,0,0,0,74,1,NULL,0,0,0,0,48404,46881,387756,46881,11,0,0.00,NULL,NULL,NULL,NULL,0.00,Reject,0,0.00,NULL,NULL,0.00,Reject
74,NULL,Farm Kelbra GmbH - 63,,,0,5,NULL,NULL,48404,74,1,IP00011GW0278405,KE-368-26-04,0.00,0,NULL,2026-06-18 03:29:15.467,3,2026-06-18 03:47:37.817,NULL,Farm Kelbra GmbH - 63,2-DE-1505801,2026-06-18 06:20:58.780,2026-06-18 06:29:09.570,0,0,0,74,1,NULL,0,0,0,0,48404,46881,387757,46881,12,79,4766.39,NULL,NULL,NULL,NULL,0.00,Crack,79,4766.39,NULL,NULL,0.00,Crack
74,NULL,Farm Kelbra GmbH - 63,,,0,5,NULL,NULL,48404,74,1,IP00011GW0278405,KE-368-26-04,0.00,0,NULL,2026-06-18 03:29:15.467,3,2026-06-18 03:47:37.817,NULL,Farm Kelbra GmbH - 63,2-DE-1505801,2026-06-18 06:20:58.780,2026-06-18 06:29:09.570,0,0,0,74,1,NULL,0,0,0,0,48404,46881,387758,46881,13,86,5104.89,NULL,NULL,NULL,NULL,0.00,Dirt,86,5104.89,NULL,NULL,0.00,Dirt
74,NULL,Farm Kelbra GmbH - 63,,,0,5,NULL,NULL,48404,74,1,IP00011GW0278405,KE-368-26-04,0.00,0,NULL,2026-06-18 03:29:15.467,3,2026-06-18 03:47:37.817,NULL,Farm Kelbra GmbH - 63,2-DE-1505801,2026-06-18 06:20:58.780,2026-06-18 06:29:09.570,0,0,0,74,1,NULL,0,0,0,0,48404,46881,387759,46881,14,6,361.45,NULL,NULL,NULL,NULL,0.00,Leakr,6,361.45,NULL,NULL,0.00,Leakr
74,NULL,Farm Kelbra GmbH - 63,,,0,5,NULL,NULL,48404,74,1,IP00011GW0278405,KE-368-26-04,0.00,0,NULL,2026-06-18 03:29:15.467,3,2026-06-18 03:47:37.817,NULL,Farm Kelbra GmbH - 63,2-DE-1505801,2026-06-18 06:20:58.780,2026-06-18 06:29:09.570,0,0,0,74,1,NULL,0,0,0,0,48404,46881,387760,46881,15,0,0.00,NULL,NULL,NULL,NULL,0.00,Blood,0,0.00,NULL,NULL,0.00,Blood
75,NULL,Farm Kelbra GmbH - 64,,,0,5,NULL,NULL,48405,75,1,IP00011GW0278456,KE-374-26-07,0.00,0,NULL,2026-06-18 03:40:59.750,3,2026-06-18 03:56:53.683,NULL,Farm Kelbra GmbH - 64,2-DE-1505803,2026-06-18 06:29:09.570,2026-06-18 06:38:41.060,0,0,0,75,1,NULL,0,0,0,0,48405,46882,387761,46882,0,4,350.72,0,0.00,0,0.00,83.00,XXL,21,1621.07,0,0.00,73.00,XLarg
75,NULL,Farm Kelbra GmbH - 64,,,0,5,NULL,NULL,48405,75,1,IP00011GW0278456,KE-374-26-07,0.00,0,NULL,2026-06-18 03:40:59.750,3,2026-06-18 03:56:53.683,NULL,Farm Kelbra GmbH - 64,2-DE-1505803,2026-06-18 06:29:09.570,2026-06-18 06:38:41.060,0,0,0,75,1,NULL,0,0,0,0,48405,46882,387762,46882,1,24,1779.58,0,0.00,0,0.00,72.60,XLarg,2878,188332.38,0,0.00,63.00,Large
75,NULL,Farm Kelbra GmbH - 64,,,0,5,NULL,NULL,48405,75,1,IP00011GW0278456,KE-374-26-07,0.00,0,NULL,2026-06-18 03:40:59.750,3,2026-06-18 03:56:53.683,NULL,Farm Kelbra GmbH - 64,2-DE-1505803,2026-06-18 06:29:09.570,2026-06-18 06:38:41.060,0,0,0,75,1,NULL,0,0,0,0,48405,46882,387763,46882,2,2871,187823.15,0,0.00,0,0.00,63.00,Large,7381,436312.89,0,0.00,53.00,Medi
75,NULL,Farm Kelbra GmbH - 64,,,0,5,NULL,NULL,48405,75,1,IP00011GW0278456,KE-374-26-07,0.00,0,NULL,2026-06-18 03:40:59.750,3,2026-06-18 03:56:53.683,NULL,Farm Kelbra GmbH - 64,2-DE-1505803,2026-06-18 06:29:09.570,2026-06-18 06:38:41.060,0,0,0,75,1,NULL,0,0,0,0,48405,46882,387764,46882,3,7381,436312.89,0,0.00,0,0.00,53.00,Medi,245,12601.65,0,0.00,0.00,Small
75,NULL,Farm Kelbra GmbH - 64,,,0,5,NULL,NULL,48405,75,1,IP00011GW0278456,KE-374-26-07,0.00,0,NULL,2026-06-18 03:40:59.750,3,2026-06-18 03:56:53.683,NULL,Farm Kelbra GmbH - 64,2-DE-1505803,2026-06-18 06:29:09.570,2026-06-18 06:38:41.060,0,0,0,75,1,NULL,0,0,0,0,48405,46882,387765,46882,4,245,12601.65,0,0.00,0,0.00,0.00,Small,0,0.00,0,0.00,0.00,
75,NULL,Farm Kelbra GmbH - 64,,,0,5,NULL,NULL,48405,75,1,IP00011GW0278456,KE-374-26-07,0.00,0,NULL,2026-06-18 03:40:59.750,3,2026-06-18 03:56:53.683,NULL,Farm Kelbra GmbH - 64,2-DE-1505803,2026-06-18 06:29:09.570,2026-06-18 06:38:41.060,0,0,0,75,1,NULL,0,0,0,0,48405,46882,387766,46882,11,0,0.00,NULL,NULL,NULL,NULL,0.00,Reject,0,0.00,NULL,NULL,0.00,Reject
75,NULL,Farm Kelbra GmbH - 64,,,0,5,NULL,NULL,48405,75,1,IP00011GW0278456,KE-374-26-07,0.00,0,NULL,2026-06-18 03:40:59.750,3,2026-06-18 03:56:53.683,NULL,Farm Kelbra GmbH - 64,2-DE-1505803,2026-06-18 06:29:09.570,2026-06-18 06:38:41.060,0,0,0,75,1,NULL,0,0,0,0,48405,46882,387767,46882,12,96,5888.01,NULL,NULL,NULL,NULL,0.00,Crack,96,5888.01,NULL,NULL,0.00,Crack
75,NULL,Farm Kelbra GmbH - 64,,,0,5,NULL,NULL,48405,75,1,IP00011GW0278456,KE-374-26-07,0.00,0,NULL,2026-06-18 03:40:59.750,3,2026-06-18 03:56:53.683,NULL,Farm Kelbra GmbH - 64,2-DE-1505803,2026-06-18 06:29:09.570,2026-06-18 06:38:41.060,0,0,0,75,1,NULL,0,0,0,0,48405,46882,387768,46882,13,128,7783.60,NULL,NULL,NULL,NULL,0.00,Dirt,128,7783.60,NULL,NULL,0.00,Dirt
75,NULL,Farm Kelbra GmbH - 64,,,0,5,NULL,NULL,48405,75,1,IP00011GW0278456,KE-374-26-07,0.00,0,NULL,2026-06-18 03:40:59.750,3,2026-06-18 03:56:53.683,NULL,Farm Kelbra GmbH - 64,2-DE-1505803,2026-06-18 06:29:09.570,2026-06-18 06:38:41.060,0,0,0,75,1,NULL,0,0,0,0,48405,46882,387769,46882,14,3,182.88,NULL,NULL,NULL,NULL,0.00,Leakr,3,182.88,NULL,NULL,0.00,Leakr
75,NULL,Farm Kelbra GmbH - 64,,,0,5,NULL,NULL,48405,75,1,IP00011GW0278456,KE-374-26-07,0.00,0,NULL,2026-06-18 03:40:59.750,3,2026-06-18 03:56:53.683,NULL,Farm Kelbra GmbH - 64,2-DE-1505803,2026-06-18 06:29:09.570,2026-06-18 06:38:41.060,0,0,0,75,1,NULL,0,0,0,0,48405,46882,387770,46882,15,0,0.00,NULL,NULL,NULL,NULL,0.00,Blood,0,0.00,NULL,NULL,0.00,Blood
78,NULL,Hühnerhof Steuden eGbR - 1,,,,5,NULL,NULL,48407,78,1,IP00011GW0278494,ST-B375-26-06,0.00,0,NULL,2026-06-18 03:53:43.257,3,2026-06-18 04:07:38.697,NULL,Hühnerhof Steuden eGbR - 1,0,2026-06-18 06:38:41.060,2026-06-18 06:49:25.200,0,0,0,78,1,NULL,0,0,0,0,48407,46883,387771,46883,0,0,0.00,0,0.00,0,0.00,83.00,XXL,2,150.10,0,0.00,73.00,XLarg
78,NULL,Hühnerhof Steuden eGbR - 1,,,,5,NULL,NULL,48407,78,1,IP00011GW0278494,ST-B375-26-06,0.00,0,NULL,2026-06-18 03:53:43.257,3,2026-06-18 04:07:38.697,NULL,Hühnerhof Steuden eGbR - 1,0,2026-06-18 06:38:41.060,2026-06-18 06:49:25.200,0,0,0,78,1,NULL,0,0,0,0,48407,46883,387772,46883,1,3,222.96,0,0.00,0,0.00,72.60,XLarg,234,15012.27,0,0.00,63.00,Large
78,NULL,Hühnerhof Steuden eGbR - 1,,,,5,NULL,NULL,48407,78,1,IP00011GW0278494,ST-B375-26-06,0.00,0,NULL,2026-06-18 03:53:43.257,3,2026-06-18 04:07:38.697,NULL,Hühnerhof Steuden eGbR - 1,0,2026-06-18 06:38:41.060,2026-06-18 06:49:25.200,0,0,0,78,1,NULL,0,0,0,0,48407,46883,387773,46883,2,233,14939.41,0,0.00,0,0.00,63.00,Large,9968,592287.64,0,0.00,53.00,Medi
78,NULL,Hühnerhof Steuden eGbR - 1,,,,5,NULL,NULL,48407,78,1,IP00011GW0278494,ST-B375-26-06,0.00,0,NULL,2026-06-18 03:53:43.257,3,2026-06-18 04:07:38.697,NULL,Hühnerhof Steuden eGbR - 1,0,2026-06-18 06:38:41.060,2026-06-18 06:49:25.200,0,0,0,78,1,NULL,0,0,0,0,48407,46883,387774,46883,3,9967,592229.36,0,0.00,0,0.00,53.00,Medi,50,2601.03,0,0.00,0.00,Small
78,NULL,Hühnerhof Steuden eGbR - 1,,,,5,NULL,NULL,48407,78,1,IP00011GW0278494,ST-B375-26-06,0.00,0,NULL,2026-06-18 03:53:43.257,3,2026-06-18 04:07:38.697,NULL,Hühnerhof Steuden eGbR - 1,0,2026-06-18 06:38:41.060,2026-06-18 06:49:25.200,0,0,0,78,1,NULL,0,0,0,0,48407,46883,387775,46883,4,50,2601.03,0,0.00,0,0.00,0.00,Small,0,0.00,0,0.00,0.00,
78,NULL,Hühnerhof Steuden eGbR - 1,,,,5,NULL,NULL,48407,78,1,IP00011GW0278494,ST-B375-26-06,0.00,0,NULL,2026-06-18 03:53:43.257,3,2026-06-18 04:07:38.697,NULL,Hühnerhof Steuden eGbR - 1,0,2026-06-18 06:38:41.060,2026-06-18 06:49:25.200,0,0,0,78,1,NULL,0,0,0,0,48407,46883,387776,46883,11,0,0.00,NULL,NULL,NULL,NULL,0.00,Reject,0,0.00,NULL,NULL,0.00,Reject
78,NULL,Hühnerhof Steuden eGbR - 1,,,,5,NULL,NULL,48407,78,1,IP00011GW0278494,ST-B375-26-06,0.00,0,NULL,2026-06-18 03:53:43.257,3,2026-06-18 04:07:38.697,NULL,Hühnerhof Steuden eGbR - 1,0,2026-06-18 06:38:41.060,2026-06-18 06:49:25.200,0,0,0,78,1,NULL,0,0,0,0,48407,46883,387777,46883,12,333,19563.63,NULL,NULL,NULL,NULL,0.00,Crack,334,19623.70,NULL,NULL,0.00,Crack
78,NULL,Hühnerhof Steuden eGbR - 1,,,,5,NULL,NULL,48407,78,1,IP00011GW0278494,ST-B375-26-06,0.00,0,NULL,2026-06-18 03:53:43.257,3,2026-06-18 04:07:38.697,NULL,Hühnerhof Steuden eGbR - 1,0,2026-06-18 06:38:41.060,2026-06-18 06:49:25.200,0,0,0,78,1,NULL,0,0,0,0,48407,46883,387778,46883,13,68,4041.92,NULL,NULL,NULL,NULL,0.00,Dirt,68,4041.92,NULL,NULL,0.00,Dirt
78,NULL,Hühnerhof Steuden eGbR - 1,,,,5,NULL,NULL,48407,78,1,IP00011GW0278494,ST-B375-26-06,0.00,0,NULL,2026-06-18 03:53:43.257,3,2026-06-18 04:07:38.697,NULL,Hühnerhof Steuden eGbR - 1,0,2026-06-18 06:38:41.060,2026-06-18 06:49:25.200,0,0,0,78,1,NULL,0,0,0,0,48407,46883,387779,46883,14,40,2382.13,NULL,NULL,NULL,NULL,0.00,Leakr,40,2382.13,NULL,NULL,0.00,Leakr
78,NULL,Hühnerhof Steuden eGbR - 1,,,,5,NULL,NULL,48407,78,1,IP00011GW0278494,ST-B375-26-06,0.00,0,NULL,2026-06-18 03:53:43.257,3,2026-06-18 04:07:38.697,NULL,Hühnerhof Steuden eGbR - 1,0,2026-06-18 06:38:41.060,2026-06-18 06:49:25.200,0,0,0,78,1,NULL,0,0,0,0,48407,46883,387780,46883,15,1,60.07,NULL,NULL,NULL,NULL,0.00,Blood,1,60.07,NULL,NULL,0.00,Blood
78,NULL,Hühnerhof Steuden eGbR - 1,,,,5,NULL,NULL,48408,78,1,IP00011GW0278492,ST-B375-26-07,0.00,0,NULL,2026-06-18 03:57:50.317,3,2026-06-18 04:16:35.613,NULL,Hühnerhof Steuden eGbR - 1,0,2026-06-18 06:49:25.200,2026-06-18 06:58:23.350,0,0,0,78,1,NULL,0,0,0,0,48408,46884,387781,46884,0,0,0.00,0,0.00,0,0.00,83.00,XXL,1,74.19,0,0.00,73.00,XLarg
78,NULL,Hühnerhof Steuden eGbR - 1,,,,5,NULL,NULL,48408,78,1,IP00011GW0278492,ST-B375-26-07,0.00,0,NULL,2026-06-18 03:57:50.317,3,2026-06-18 04:16:35.613,NULL,Hühnerhof Steuden eGbR - 1,0,2026-06-18 06:49:25.200,2026-06-18 06:58:23.350,0,0,0,78,1,NULL,0,0,0,0,48408,46884,387782,46884,1,1,74.19,0,0.00,0,0.00,72.60,XLarg,339,21643.35,0,0.00,63.00,Large
78,NULL,Hühnerhof Steuden eGbR - 1,,,,5,NULL,NULL,48408,78,1,IP00011GW0278492,ST-B375-26-07,0.00,0,NULL,2026-06-18 03:57:50.317,3,2026-06-18 04:16:35.613,NULL,Hühnerhof Steuden eGbR - 1,0,2026-06-18 06:49:25.200,2026-06-18 06:58:23.350,0,0,0,78,1,NULL,0,0,0,0,48408,46884,387783,46884,2,338,21578.29,0,0.00,0,0.00,63.00,Large,9922,591023.00,0,0.00,53.00,Medi
78,NULL,Hühnerhof Steuden eGbR - 1,,,,5,NULL,NULL,48408,78,1,IP00011GW0278492,ST-B375-26-07,0.00,0,NULL,2026-06-18 03:57:50.317,3,2026-06-18 04:16:35.613,NULL,Hühnerhof Steuden eGbR - 1,0,2026-06-18 06:49:25.200,2026-06-18 06:58:23.350,0,0,0,78,1,NULL,0,0,0,0,48408,46884,387784,46884,3,9917,590719.62,0,0.00,0,0.00,53.00,Medi,36,1855.76,0,0.00,0.00,Small
78,NULL,Hühnerhof Steuden eGbR - 1,,,,5,NULL,NULL,48408,78,1,IP00011GW0278492,ST-B375-26-07,0.00,0,NULL,2026-06-18 03:57:50.317,3,2026-06-18 04:16:35.613,NULL,Hühnerhof Steuden eGbR - 1,0,2026-06-18 06:49:25.200,2026-06-18 06:58:23.350,0,0,0,78,1,NULL,0,0,0,0,48408,46884,387785,46884,4,36,1855.76,0,0.00,0,0.00,0.00,Small,0,0.00,0,0.00,0.00,
78,NULL,Hühnerhof Steuden eGbR - 1,,,,5,NULL,NULL,48408,78,1,IP00011GW0278492,ST-B375-26-07,0.00,0,NULL,2026-06-18 03:57:50.317,3,2026-06-18 04:16:35.613,NULL,Hühnerhof Steuden eGbR - 1,0,2026-06-18 06:49:25.200,2026-06-18 06:58:23.350,0,0,0,78,1,NULL,0,0,0,0,48408,46884,387786,46884,11,0,0.00,NULL,NULL,NULL,NULL,0.00,Reject,0,0.00,NULL,NULL,0.00,Reject
78,NULL,Hühnerhof Steuden eGbR - 1,,,,5,NULL,NULL,48408,78,1,IP00011GW0278492,ST-B375-26-07,0.00,0,NULL,2026-06-18 03:57:50.317,3,2026-06-18 04:16:35.613,NULL,Hühnerhof Steuden eGbR - 1,0,2026-06-18 06:49:25.200,2026-06-18 06:58:23.350,0,0,0,78,1,NULL,0,0,0,0,48408,46884,387787,46884,12,357,21171.87,NULL,NULL,NULL,NULL,0.00,Crack,357,21171.87,NULL,NULL,0.00,Crack
78,NULL,Hühnerhof Steuden eGbR - 1,,,,5,NULL,NULL,48408,78,1,IP00011GW0278492,ST-B375-26-07,0.00,0,NULL,2026-06-18 03:57:50.317,3,2026-06-18 04:16:35.613,NULL,Hühnerhof Steuden eGbR - 1,0,2026-06-18 06:49:25.200,2026-06-18 06:58:23.350,0,0,0,78,1,NULL,0,0,0,0,48408,46884,387788,46884,13,62,3723.11,NULL,NULL,NULL,NULL,0.00,Dirt,62,3723.11,NULL,NULL,0.00,Dirt
78,NULL,Hühnerhof Steuden eGbR - 1,,,,5,NULL,NULL,48408,78,1,IP00011GW0278492,ST-B375-26-07,0.00,0,NULL,2026-06-18 03:57:50.317,3,2026-06-18 04:16:35.613,NULL,Hühnerhof Steuden eGbR - 1,0,2026-06-18 06:49:25.200,2026-06-18 06:58:23.350,0,0,0,78,1,NULL,0,0,0,0,48408,46884,387789,46884,14,43,2573.10,NULL,NULL,NULL,NULL,0.00,Leakr,43,2573.10,NULL,NULL,0.00,Leakr
78,NULL,Hühnerhof Steuden eGbR - 1,,,,5,NULL,NULL,48408,78,1,IP00011GW0278492,ST-B375-26-07,0.00,0,NULL,2026-06-18 03:57:50.317,3,2026-06-18 04:16:35.613,NULL,Hühnerhof Steuden eGbR - 1,0,2026-06-18 06:49:25.200,2026-06-18 06:58:23.350,0,0,0,78,1,NULL,0,0,0,0,48408,46884,387790,46884,15,2,122.27,NULL,NULL,NULL,NULL,0.00,Blood,2,122.27,NULL,NULL,0.00,Blood
78,NULL,Hühnerhof Steuden eGbR - 1,,,,5,NULL,NULL,48409,78,1,IP00011GW0278490,ST-B375-26-02,0.00,0,NULL,2026-06-18 04:02:20.377,3,2026-06-18 04:32:13.493,NULL,Hühnerhof Steuden eGbR - 1,0,2026-06-18 06:58:23.350,2026-06-18 07:14:00.900,0,0,0,78,1,NULL,0,0,0,0,48409,46885,387791,46885,0,0,0.00,0,0.00,0,0.00,83.00,XXL,0,0.00,0,0.00,73.00,XLarg
78,NULL,Hühnerhof Steuden eGbR - 1,,,,5,NULL,NULL,48409,78,1,IP00011GW0278490,ST-B375-26-02,0.00,0,NULL,2026-06-18 04:02:20.377,3,2026-06-18 04:32:13.493,NULL,Hühnerhof Steuden eGbR - 1,0,2026-06-18 06:58:23.350,2026-06-18 07:14:00.900,0,0,0,78,1,NULL,0,0,0,0,48409,46885,387792,46885,1,0,0.00,0,0.00,0,0.00,72.60,XLarg,126,8095.80,0,0.00,63.00,Large
78,NULL,Hühnerhof Steuden eGbR - 1,,,,5,NULL,NULL,48409,78,1,IP00011GW0278490,ST-B375-26-02,0.00,0,NULL,2026-06-18 04:02:20.377,3,2026-06-18 04:32:13.493,NULL,Hühnerhof Steuden eGbR - 1,0,2026-06-18 06:58:23.350,2026-06-18 07:14:00.900,0,0,0,78,1,NULL,0,0,0,0,48409,46885,387793,46885,2,126,8095.80,0,0.00,0,0.00,63.00,Large,10173,605824.03,0,0.00,53.00,Medi
78,NULL,Hühnerhof Steuden eGbR - 1,,,,5,NULL,NULL,48409,78,1,IP00011GW0278490,ST-B375-26-02,0.00,0,NULL,2026-06-18 04:02:20.377,3,2026-06-18 04:32:13.493,NULL,Hühnerhof Steuden eGbR - 1,0,2026-06-18 06:58:23.350,2026-06-18 07:14:00.900,0,0,0,78,1,NULL,0,0,0,0,48409,46885,387794,46885,3,10173,605824.03,0,0.00,0,0.00,53.00,Medi,42,2193.95,0,0.00,0.00,Small
78,NULL,Hühnerhof Steuden eGbR - 1,,,,5,NULL,NULL,48409,78,1,IP00011GW0278490,ST-B375-26-02,0.00,0,NULL,2026-06-18 04:02:20.377,3,2026-06-18 04:32:13.493,NULL,Hühnerhof Steuden eGbR - 1,0,2026-06-18 06:58:23.350,2026-06-18 07:14:00.900,0,0,0,78,1,NULL,0,0,0,0,48409,46885,387795,46885,4,42,2193.95,0,0.00,0,0.00,0.00,Small,0,0.00,0,0.00,0.00,
78,NULL,Hühnerhof Steuden eGbR - 1,,,,5,NULL,NULL,48409,78,1,IP00011GW0278490,ST-B375-26-02,0.00,0,NULL,2026-06-18 04:02:20.377,3,2026-06-18 04:32:13.493,NULL,Hühnerhof Steuden eGbR - 1,0,2026-06-18 06:58:23.350,2026-06-18 07:14:00.900,0,0,0,78,1,NULL,0,0,0,0,48409,46885,387796,46885,11,0,0.00,NULL,NULL,NULL,NULL,0.00,Reject,0,0.00,NULL,NULL,0.00,Reject
78,NULL,Hühnerhof Steuden eGbR - 1,,,,5,NULL,NULL,48409,78,1,IP00011GW0278490,ST-B375-26-02,0.00,0,NULL,2026-06-18 04:02:20.377,3,2026-06-18 04:32:13.493,NULL,Hühnerhof Steuden eGbR - 1,0,2026-06-18 06:58:23.350,2026-06-18 07:14:00.900,0,0,0,78,1,NULL,0,0,0,0,48409,46885,387797,46885,12,319,18808.32,NULL,NULL,NULL,NULL,0.00,Crack,319,18808.32,NULL,NULL,0.00,Crack
78,NULL,Hühnerhof Steuden eGbR - 1,,,,5,NULL,NULL,48409,78,1,IP00011GW0278490,ST-B375-26-02,0.00,0,NULL,2026-06-18 04:02:20.377,3,2026-06-18 04:32:13.493,NULL,Hühnerhof Steuden eGbR - 1,0,2026-06-18 06:58:23.350,2026-06-18 07:14:00.900,0,0,0,78,1,NULL,0,0,0,0,48409,46885,387798,46885,13,54,3232.32,NULL,NULL,NULL,NULL,0.00,Dirt,54,3232.32,NULL,NULL,0.00,Dirt
78,NULL,Hühnerhof Steuden eGbR - 1,,,,5,NULL,NULL,48409,78,1,IP00011GW0278490,ST-B375-26-02,0.00,0,NULL,2026-06-18 04:02:20.377,3,2026-06-18 04:32:13.493,NULL,Hühnerhof Steuden eGbR - 1,0,2026-06-18 06:58:23.350,2026-06-18 07:14:00.900,0,0,0,78,1,NULL,0,0,0,0,48409,46885,387799,46885,14,42,2502.78,NULL,NULL,NULL,NULL,0.00,Leakr,42,2502.78,NULL,NULL,0.00,Leakr
78,NULL,Hühnerhof Steuden eGbR - 1,,,,5,NULL,NULL,48409,78,1,IP00011GW0278490,ST-B375-26-02,0.00,0,NULL,2026-06-18 04:02:20.377,3,2026-06-18 04:32:13.493,NULL,Hühnerhof Steuden eGbR - 1,0,2026-06-18 06:58:23.350,2026-06-18 07:14:00.900,0,0,0,78,1,NULL,0,0,0,0,48409,46885,387800,46885,15,2,122.92,NULL,NULL,NULL,NULL,0.00,Blood,2,122.92,NULL,NULL,0.00,Blood
78,NULL,Hühnerhof Steuden eGbR - 1,,,,5,NULL,NULL,48410,78,1,IP00011GW0278491,ST-B375-26-03,0.00,0,NULL,2026-06-18 04:16:27.323,3,2026-06-18 04:41:16.987,NULL,Hühnerhof Steuden eGbR - 1,0,2026-06-18 07:14:00.900,2026-06-18 07:23:03.800,0,0,0,78,1,NULL,0,0,0,0,48410,46886,387801,46886,0,0,0.00,0,0.00,0,0.00,83.00,XXL,0,0.00,0,0.00,73.00,XLarg
78,NULL,Hühnerhof Steuden eGbR - 1,,,,5,NULL,NULL,48410,78,1,IP00011GW0278491,ST-B375-26-03,0.00,0,NULL,2026-06-18 04:16:27.323,3,2026-06-18 04:41:16.987,NULL,Hühnerhof Steuden eGbR - 1,0,2026-06-18 07:14:00.900,2026-06-18 07:23:03.800,0,0,0,78,1,NULL,0,0,0,0,48410,46886,387802,46886,1,0,0.00,0,0.00,0,0.00,72.60,XLarg,143,9194.92,0,0.00,63.00,Large
78,NULL,Hühnerhof Steuden eGbR - 1,,,,5,NULL,NULL,48410,78,1,IP00011GW0278491,ST-B375-26-03,0.00,0,NULL,2026-06-18 04:16:27.323,3,2026-06-18 04:41:16.987,NULL,Hühnerhof Steuden eGbR - 1,0,2026-06-18 07:14:00.900,2026-06-18 07:23:03.800,0,0,0,78,1,NULL,0,0,0,0,48410,46886,387803,46886,2,143,9194.92,0,0.00,0,0.00,63.00,Large,10165,603470.97,0,0.00,53.00,Medi
78,NULL,Hühnerhof Steuden eGbR - 1,,,,5,NULL,NULL,48410,78,1,IP00011GW0278491,ST-B375-26-03,0.00,0,NULL,2026-06-18 04:16:27.323,3,2026-06-18 04:41:16.987,NULL,Hühnerhof Steuden eGbR - 1,0,2026-06-18 07:14:00.900,2026-06-18 07:23:03.800,0,0,0,78,1,NULL,0,0,0,0,48410,46886,387804,46886,3,10165,603470.97,0,0.00,0,0.00,53.00,Medi,55,2860.40,0,0.00,0.00,Small
78,NULL,Hühnerhof Steuden eGbR - 1,,,,5,NULL,NULL,48410,78,1,IP00011GW0278491,ST-B375-26-03,0.00,0,NULL,2026-06-18 04:16:27.323,3,2026-06-18 04:41:16.987,NULL,Hühnerhof Steuden eGbR - 1,0,2026-06-18 07:14:00.900,2026-06-18 07:23:03.800,0,0,0,78,1,NULL,0,0,0,0,48410,46886,387805,46886,4,55,2860.40,0,0.00,0,0.00,0.00,Small,0,0.00,0,0.00,0.00,
78,NULL,Hühnerhof Steuden eGbR - 1,,,,5,NULL,NULL,48410,78,1,IP00011GW0278491,ST-B375-26-03,0.00,0,NULL,2026-06-18 04:16:27.323,3,2026-06-18 04:41:16.987,NULL,Hühnerhof Steuden eGbR - 1,0,2026-06-18 07:14:00.900,2026-06-18 07:23:03.800,0,0,0,78,1,NULL,0,0,0,0,48410,46886,387806,46886,11,0,0.00,NULL,NULL,NULL,NULL,0.00,Reject,0,0.00,NULL,NULL,0.00,Reject
78,NULL,Hühnerhof Steuden eGbR - 1,,,,5,NULL,NULL,48410,78,1,IP00011GW0278491,ST-B375-26-03,0.00,0,NULL,2026-06-18 04:16:27.323,3,2026-06-18 04:41:16.987,NULL,Hühnerhof Steuden eGbR - 1,0,2026-06-18 07:14:00.900,2026-06-18 07:23:03.800,0,0,0,78,1,NULL,0,0,0,0,48410,46886,387807,46886,12,304,17810.84,NULL,NULL,NULL,NULL,0.00,Crack,304,17810.84,NULL,NULL,0.00,Crack
78,NULL,Hühnerhof Steuden eGbR - 1,,,,5,NULL,NULL,48410,78,1,IP00011GW0278491,ST-B375-26-03,0.00,0,NULL,2026-06-18 04:16:27.323,3,2026-06-18 04:41:16.987,NULL,Hühnerhof Steuden eGbR - 1,0,2026-06-18 07:14:00.900,2026-06-18 07:23:03.800,0,0,0,78,1,NULL,0,0,0,0,48410,46886,387808,46886,13,52,3109.76,NULL,NULL,NULL,NULL,0.00,Dirt,52,3109.76,NULL,NULL,0.00,Dirt
78,NULL,Hühnerhof Steuden eGbR - 1,,,,5,NULL,NULL,48410,78,1,IP00011GW0278491,ST-B375-26-03,0.00,0,NULL,2026-06-18 04:16:27.323,3,2026-06-18 04:41:16.987,NULL,Hühnerhof Steuden eGbR - 1,0,2026-06-18 07:14:00.900,2026-06-18 07:23:03.800,0,0,0,78,1,NULL,0,0,0,0,48410,46886,387809,46886,14,35,2081.12,NULL,NULL,NULL,NULL,0.00,Leakr,35,2081.12,NULL,NULL,0.00,Leakr
78,NULL,Hühnerhof Steuden eGbR - 1,,,,5,NULL,NULL,48410,78,1,IP00011GW0278491,ST-B375-26-03,0.00,0,NULL,2026-06-18 04:16:27.323,3,2026-06-18 04:41:16.987,NULL,Hühnerhof Steuden eGbR - 1,0,2026-06-18 07:14:00.900,2026-06-18 07:23:03.800,0,0,0,78,1,NULL,0,0,0,0,48410,46886,387810,46886,15,1,60.94,NULL,NULL,NULL,NULL,0.00,Blood,1,60.94,NULL,NULL,0.00,Blood
78,NULL,Hühnerhof Steuden eGbR - 1,,,,5,NULL,NULL,48411,78,1,IP00011GW0278488,ST-B375-26-01,0.00,0,NULL,2026-06-18 04:30:16.787,3,2026-06-18 04:53:45.383,NULL,Hühnerhof Steuden eGbR - 1,0,2026-06-18 07:23:03.800,2026-06-18 07:34:53.160,0,0,0,78,1,NULL,0,0,0,0,48411,46887,387811,46887,0,0,0.00,0,0.00,0,0.00,83.00,XXL,0,0.00,0,0.00,73.00,XLarg
78,NULL,Hühnerhof Steuden eGbR - 1,,,,5,NULL,NULL,48411,78,1,IP00011GW0278488,ST-B375-26-01,0.00,0,NULL,2026-06-18 04:30:16.787,3,2026-06-18 04:53:45.383,NULL,Hühnerhof Steuden eGbR - 1,0,2026-06-18 07:23:03.800,2026-06-18 07:34:53.160,0,0,0,78,1,NULL,0,0,0,0,48411,46887,387812,46887,1,0,0.00,0,0.00,0,0.00,72.60,XLarg,131,8441.71,0,0.00,63.00,Large
78,NULL,Hühnerhof Steuden eGbR - 1,,,,5,NULL,NULL,48411,78,1,IP00011GW0278488,ST-B375-26-01,0.00,0,NULL,2026-06-18 04:30:16.787,3,2026-06-18 04:53:45.383,NULL,Hühnerhof Steuden eGbR - 1,0,2026-06-18 07:23:03.800,2026-06-18 07:34:53.160,0,0,0,78,1,NULL,0,0,0,0,48411,46887,387813,46887,2,131,8441.71,0,0.00,0,0.00,63.00,Large,10021,594534.88,0,0.00,53.00,Medi
78,NULL,Hühnerhof Steuden eGbR - 1,,,,5,NULL,NULL,48411,78,1,IP00011GW0278488,ST-B375-26-01,0.00,0,NULL,2026-06-18 04:30:16.787,3,2026-06-18 04:53:45.383,NULL,Hühnerhof Steuden eGbR - 1,0,2026-06-18 07:23:03.800,2026-06-18 07:34:53.160,0,0,0,78,1,NULL,0,0,0,0,48411,46887,387814,46887,3,10021,594534.88,0,0.00,0,0.00,53.00,Medi,76,3942.72,0,0.00,0.00,Small
78,NULL,Hühnerhof Steuden eGbR - 1,,,,5,NULL,NULL,48411,78,1,IP00011GW0278488,ST-B375-26-01,0.00,0,NULL,2026-06-18 04:30:16.787,3,2026-06-18 04:53:45.383,NULL,Hühnerhof Steuden eGbR - 1,0,2026-06-18 07:23:03.800,2026-06-18 07:34:53.160,0,0,0,78,1,NULL,0,0,0,0,48411,46887,387815,46887,4,76,3942.72,0,0.00,0,0.00,0.00,Small,0,0.00,0,0.00,0.00,
78,NULL,Hühnerhof Steuden eGbR - 1,,,,5,NULL,NULL,48411,78,1,IP00011GW0278488,ST-B375-26-01,0.00,0,NULL,2026-06-18 04:30:16.787,3,2026-06-18 04:53:45.383,NULL,Hühnerhof Steuden eGbR - 1,0,2026-06-18 07:23:03.800,2026-06-18 07:34:53.160,0,0,0,78,1,NULL,0,0,0,0,48411,46887,387816,46887,11,0,0.00,NULL,NULL,NULL,NULL,0.00,Reject,0,0.00,NULL,NULL,0.00,Reject
78,NULL,Hühnerhof Steuden eGbR - 1,,,,5,NULL,NULL,48411,78,1,IP00011GW0278488,ST-B375-26-01,0.00,0,NULL,2026-06-18 04:30:16.787,3,2026-06-18 04:53:45.383,NULL,Hühnerhof Steuden eGbR - 1,0,2026-06-18 07:23:03.800,2026-06-18 07:34:53.160,0,0,0,78,1,NULL,0,0,0,0,48411,46887,387817,46887,12,283,16618.85,NULL,NULL,NULL,NULL,0.00,Crack,283,16618.85,NULL,NULL,0.00,Crack
78,NULL,Hühnerhof Steuden eGbR - 1,,,,5,NULL,NULL,48411,78,1,IP00011GW0278488,ST-B375-26-01,0.00,0,NULL,2026-06-18 04:30:16.787,3,2026-06-18 04:53:45.383,NULL,Hühnerhof Steuden eGbR - 1,0,2026-06-18 07:23:03.800,2026-06-18 07:34:53.160,0,0,0,78,1,NULL,0,0,0,0,48411,46887,387818,46887,13,84,4952.57,NULL,NULL,NULL,NULL,0.00,Dirt,84,4952.57,NULL,NULL,0.00,Dirt
78,NULL,Hühnerhof Steuden eGbR - 1,,,,5,NULL,NULL,48411,78,1,IP00011GW0278488,ST-B375-26-01,0.00,0,NULL,2026-06-18 04:30:16.787,3,2026-06-18 04:53:45.383,NULL,Hühnerhof Steuden eGbR - 1,0,2026-06-18 07:23:03.800,2026-06-18 07:34:53.160,0,0,0,78,1,NULL,0,0,0,0,48411,46887,387819,46887,14,65,3865.27,NULL,NULL,NULL,NULL,0.00,Leakr,65,3865.27,NULL,NULL,0.00,Leakr
78,NULL,Hühnerhof Steuden eGbR - 1,,,,5,NULL,NULL,48411,78,1,IP00011GW0278488,ST-B375-26-01,0.00,0,NULL,2026-06-18 04:30:16.787,3,2026-06-18 04:53:45.383,NULL,Hühnerhof Steuden eGbR - 1,0,2026-06-18 07:23:03.800,2026-06-18 07:34:53.160,0,0,0,78,1,NULL,0,0,0,0,48411,46887,387820,46887,15,1,61.90,NULL,NULL,NULL,NULL,0.00,Blood,1,61.90,NULL,NULL,0.00,Blood
74,NULL,Farm Kelbra GmbH - 63,,,0,5,NULL,NULL,48412,74,1,IP00011GW0278458,KE-374-26-04,0.00,0,NULL,2026-06-18 04:39:59.587,3,2026-06-18 05:02:04.770,NULL,Farm Kelbra GmbH - 63,2-DE-1505801,2026-06-18 07:34:53.160,2026-06-18 07:43:38.960,0,0,0,74,1,NULL,0,0,0,0,48412,46888,387821,46888,0,2,175.59,0,0.00,0,0.00,83.00,XXL,12,931.39,0,0.00,73.00,XLarg
74,NULL,Farm Kelbra GmbH - 63,,,0,5,NULL,NULL,48412,74,1,IP00011GW0278458,KE-374-26-04,0.00,0,NULL,2026-06-18 04:39:59.587,3,2026-06-18 05:02:04.770,NULL,Farm Kelbra GmbH - 63,2-DE-1505801,2026-06-18 07:34:53.160,2026-06-18 07:43:38.960,0,0,0,74,1,NULL,0,0,0,0,48412,46888,387822,46888,1,12,901.52,0,0.00,0,0.00,72.60,XLarg,2281,148729.69,0,0.00,63.00,Large
74,NULL,Farm Kelbra GmbH - 63,,,0,5,NULL,NULL,48412,74,1,IP00011GW0278458,KE-374-26-04,0.00,0,NULL,2026-06-18 04:39:59.587,3,2026-06-18 05:02:04.770,NULL,Farm Kelbra GmbH - 63,2-DE-1505801,2026-06-18 07:34:53.160,2026-06-18 07:43:38.960,0,0,0,74,1,NULL,0,0,0,0,48412,46888,387823,46888,2,2279,148583.97,0,0.00,0,0.00,63.00,Large,8001,471370.38,0,0.00,53.00,Medi
74,NULL,Farm Kelbra GmbH - 63,,,0,5,NULL,NULL,48412,74,1,IP00011GW0278458,KE-374-26-04,0.00,0,NULL,2026-06-18 04:39:59.587,3,2026-06-18 05:02:04.770,NULL,Farm Kelbra GmbH - 63,2-DE-1505801,2026-06-18 07:34:53.160,2026-06-18 07:43:38.960,0,0,0,74,1,NULL,0,0,0,0,48412,46888,387824,46888,3,8001,471370.38,0,0.00,0,0.00,53.00,Medi,282,14568.68,0,0.00,0.00,Small
74,NULL,Farm Kelbra GmbH - 63,,,0,5,NULL,NULL,48412,74,1,IP00011GW0278458,KE-374-26-04,0.00,0,NULL,2026-06-18 04:39:59.587,3,2026-06-18 05:02:04.770,NULL,Farm Kelbra GmbH - 63,2-DE-1505801,2026-06-18 07:34:53.160,2026-06-18 07:43:38.960,0,0,0,74,1,NULL,0,0,0,0,48412,46888,387825,46888,4,282,14568.68,0,0.00,0,0.00,0.00,Small,0,0.00,0,0.00,0.00,
74,NULL,Farm Kelbra GmbH - 63,,,0,5,NULL,NULL,48412,74,1,IP00011GW0278458,KE-374-26-04,0.00,0,NULL,2026-06-18 04:39:59.587,3,2026-06-18 05:02:04.770,NULL,Farm Kelbra GmbH - 63,2-DE-1505801,2026-06-18 07:34:53.160,2026-06-18 07:43:38.960,0,0,0,74,1,NULL,0,0,0,0,48412,46888,387826,46888,11,0,0.00,NULL,NULL,NULL,NULL,0.00,Reject,0,0.00,NULL,NULL,0.00,Reject
74,NULL,Farm Kelbra GmbH - 63,,,0,5,NULL,NULL,48412,74,1,IP00011GW0278458,KE-374-26-04,0.00,0,NULL,2026-06-18 04:39:59.587,3,2026-06-18 05:02:04.770,NULL,Farm Kelbra GmbH - 63,2-DE-1505801,2026-06-18 07:34:53.160,2026-06-18 07:43:38.960,0,0,0,74,1,NULL,0,0,0,0,48412,46888,387827,46888,12,78,4692.88,NULL,NULL,NULL,NULL,0.00,Crack,78,4692.88,NULL,NULL,0.00,Crack
74,NULL,Farm Kelbra GmbH - 63,,,0,5,NULL,NULL,48412,74,1,IP00011GW0278458,KE-374-26-04,0.00,0,NULL,2026-06-18 04:39:59.587,3,2026-06-18 05:02:04.770,NULL,Farm Kelbra GmbH - 63,2-DE-1505801,2026-06-18 07:34:53.160,2026-06-18 07:43:38.960,0,0,0,74,1,NULL,0,0,0,0,48412,46888,387828,46888,13,83,4973.16,NULL,NULL,NULL,NULL,0.00,Dirt,83,4973.16,NULL,NULL,0.00,Dirt
74,NULL,Farm Kelbra GmbH - 63,,,0,5,NULL,NULL,48412,74,1,IP00011GW0278458,KE-374-26-04,0.00,0,NULL,2026-06-18 04:39:59.587,3,2026-06-18 05:02:04.770,NULL,Farm Kelbra GmbH - 63,2-DE-1505801,2026-06-18 07:34:53.160,2026-06-18 07:43:38.960,0,0,0,74,1,NULL,0,0,0,0,48412,46888,387829,46888,14,14,844.13,NULL,NULL,NULL,NULL,0.00,Leakr,14,844.13,NULL,NULL,0.00,Leakr
74,NULL,Farm Kelbra GmbH - 63,,,0,5,NULL,NULL,48412,74,1,IP00011GW0278458,KE-374-26-04,0.00,0,NULL,2026-06-18 04:39:59.587,3,2026-06-18 05:02:04.770,NULL,Farm Kelbra GmbH - 63,2-DE-1505801,2026-06-18 07:34:53.160,2026-06-18 07:43:38.960,0,0,0,74,1,NULL,0,0,0,0,48412,46888,387830,46888,15,2,121.32,NULL,NULL,NULL,NULL,0.00,Blood,2,121.32,NULL,NULL,0.00,Blood
73,NULL,Farm Kelbra GmbH - 65,,,0,5,NULL,NULL,48413,73,1,IP00011GW0278463,KE-374-26-09,0.00,0,NULL,2026-06-18 04:57:18.413,3,2026-06-18 05:10:54.867,NULL,Farm Kelbra GmbH - 65,2-DE-1505801,2026-06-18 07:43:38.960,2026-06-18 07:51:49.840,0,0,0,73,1,NULL,0,0,0,0,48413,46889,387831,46889,0,2,172.32,0,0.00,0,0.00,83.00,XXL,19,1455.65,0,0.00,73.00,XLarg
73,NULL,Farm Kelbra GmbH - 65,,,0,5,NULL,NULL,48413,73,1,IP00011GW0278463,KE-374-26-09,0.00,0,NULL,2026-06-18 04:57:18.413,3,2026-06-18 05:10:54.867,NULL,Farm Kelbra GmbH - 65,2-DE-1505801,2026-06-18 07:43:38.960,2026-06-18 07:51:49.840,0,0,0,73,1,NULL,0,0,0,0,48413,46889,387832,46889,1,23,1720.22,0,0.00,0,0.00,72.60,XLarg,2730,178716.03,0,0.00,63.00,Large
73,NULL,Farm Kelbra GmbH - 65,,,0,5,NULL,NULL,48413,73,1,IP00011GW0278463,KE-374-26-09,0.00,0,NULL,2026-06-18 04:57:18.413,3,2026-06-18 05:10:54.867,NULL,Farm Kelbra GmbH - 65,2-DE-1505801,2026-06-18 07:43:38.960,2026-06-18 07:51:49.840,0,0,0,73,1,NULL,0,0,0,0,48413,46889,387833,46889,2,2724,178279.14,0,0.00,0,0.00,63.00,Large,7342,433443.20,0,0.00,53.00,Medi
73,NULL,Farm Kelbra GmbH - 65,,,0,5,NULL,NULL,48413,73,1,IP00011GW0278463,KE-374-26-09,0.00,0,NULL,2026-06-18 04:57:18.413,3,2026-06-18 05:10:54.867,NULL,Farm Kelbra GmbH - 65,2-DE-1505801,2026-06-18 07:43:38.960,2026-06-18 07:51:49.840,0,0,0,73,1,NULL,0,0,0,0,48413,46889,387834,46889,3,7342,433443.20,0,0.00,0,0.00,53.00,Medi,263,13544.68,0,0.00,0.00,Small
73,NULL,Farm Kelbra GmbH - 65,,,0,5,NULL,NULL,48413,73,1,IP00011GW0278463,KE-374-26-09,0.00,0,NULL,2026-06-18 04:57:18.413,3,2026-06-18 05:10:54.867,NULL,Farm Kelbra GmbH - 65,2-DE-1505801,2026-06-18 07:43:38.960,2026-06-18 07:51:49.840,0,0,0,73,1,NULL,0,0,0,0,48413,46889,387835,46889,4,263,13544.68,0,0.00,0,0.00,0.00,Small,0,0.00,0,0.00,0.00,
73,NULL,Farm Kelbra GmbH - 65,,,0,5,NULL,NULL,48413,73,1,IP00011GW0278463,KE-374-26-09,0.00,0,NULL,2026-06-18 04:57:18.413,3,2026-06-18 05:10:54.867,NULL,Farm Kelbra GmbH - 65,2-DE-1505801,2026-06-18 07:43:38.960,2026-06-18 07:51:49.840,0,0,0,73,1,NULL,0,0,0,0,48413,46889,387836,46889,11,0,0.00,NULL,NULL,NULL,NULL,0.00,Reject,0,0.00,NULL,NULL,0.00,Reject
73,NULL,Farm Kelbra GmbH - 65,,,0,5,NULL,NULL,48413,73,1,IP00011GW0278463,KE-374-26-09,0.00,0,NULL,2026-06-18 04:57:18.413,3,2026-06-18 05:10:54.867,NULL,Farm Kelbra GmbH - 65,2-DE-1505801,2026-06-18 07:43:38.960,2026-06-18 07:51:49.840,0,0,0,73,1,NULL,0,0,0,0,48413,46889,387837,46889,12,261,16124.64,NULL,NULL,NULL,NULL,0.00,Crack,261,16124.64,NULL,NULL,0.00,Crack
73,NULL,Farm Kelbra GmbH - 65,,,0,5,NULL,NULL,48413,73,1,IP00011GW0278463,KE-374-26-09,0.00,0,NULL,2026-06-18 04:57:18.413,3,2026-06-18 05:10:54.867,NULL,Farm Kelbra GmbH - 65,2-DE-1505801,2026-06-18 07:43:38.960,2026-06-18 07:51:49.840,0,0,0,73,1,NULL,0,0,0,0,48413,46889,387838,46889,13,111,6663.68,NULL,NULL,NULL,NULL,0.00,Dirt,111,6663.68,NULL,NULL,0.00,Dirt
73,NULL,Farm Kelbra GmbH - 65,,,0,5,NULL,NULL,48413,73,1,IP00011GW0278463,KE-374-26-09,0.00,0,NULL,2026-06-18 04:57:18.413,3,2026-06-18 05:10:54.867,NULL,Farm Kelbra GmbH - 65,2-DE-1505801,2026-06-18 07:43:38.960,2026-06-18 07:51:49.840,0,0,0,73,1,NULL,0,0,0,0,48413,46889,387839,46889,14,48,2919.10,NULL,NULL,NULL,NULL,0.00,Leakr,48,2919.10,NULL,NULL,0.00,Leakr
73,NULL,Farm Kelbra GmbH - 65,,,0,5,NULL,NULL,48413,73,1,IP00011GW0278463,KE-374-26-09,0.00,0,NULL,2026-06-18 04:57:18.413,3,2026-06-18 05:10:54.867,NULL,Farm Kelbra GmbH - 65,2-DE-1505801,2026-06-18 07:43:38.960,2026-06-18 07:51:49.840,0,0,0,73,1,NULL,0,0,0,0,48413,46889,387840,46889,15,0,0.00,NULL,NULL,NULL,NULL,0.00,Blood,0,0.00,NULL,NULL,0.00,Blood
74,NULL,Farm Kelbra GmbH - 63,,,0,5,NULL,NULL,48414,74,1,IP00011GW0278461,KE-374-26-06,0.00,0,NULL,2026-06-18 05:06:31.597,3,2026-06-18 05:19:28.693,NULL,Farm Kelbra GmbH - 63,2-DE-1505801,2026-06-18 07:51:49.840,2026-06-18 08:01:02.930,0,0,0,74,1,NULL,0,0,0,0,48414,46890,387841,46890,0,7,604.64,0,0.00,0,0.00,83.00,XXL,15,1208.57,0,0.00,73.00,XLarg
74,NULL,Farm Kelbra GmbH - 63,,,0,5,NULL,NULL,48414,74,1,IP00011GW0278461,KE-374-26-06,0.00,0,NULL,2026-06-18 05:06:31.597,3,2026-06-18 05:19:28.693,NULL,Farm Kelbra GmbH - 63,2-DE-1505801,2026-06-18 07:51:49.840,2026-06-18 08:01:02.930,0,0,0,74,1,NULL,0,0,0,0,48414,46890,387842,46890,1,10,749.48,0,0.00,0,0.00,72.60,XLarg,2233,145609.63,0,0.00,63.00,Large
74,NULL,Farm Kelbra GmbH - 63,,,0,5,NULL,NULL,48414,74,1,IP00011GW0278461,KE-374-26-06,0.00,0,NULL,2026-06-18 05:06:31.597,3,2026-06-18 05:19:28.693,NULL,Farm Kelbra GmbH - 63,2-DE-1505801,2026-06-18 07:51:49.840,2026-06-18 08:01:02.930,0,0,0,74,1,NULL,0,0,0,0,48414,46890,387843,46890,2,2231,145464.08,0,0.00,0,0.00,63.00,Large,8062,474628.09,0,0.00,53.00,Medi
74,NULL,Farm Kelbra GmbH - 63,,,0,5,NULL,NULL,48414,74,1,IP00011GW0278461,KE-374-26-06,0.00,0,NULL,2026-06-18 05:06:31.597,3,2026-06-18 05:19:28.693,NULL,Farm Kelbra GmbH - 63,2-DE-1505801,2026-06-18 07:51:49.840,2026-06-18 08:01:02.930,0,0,0,74,1,NULL,0,0,0,0,48414,46890,387844,46890,3,8062,474628.09,0,0.00,0,0.00,53.00,Medi,297,15311.30,0,0.00,0.00,Small
74,NULL,Farm Kelbra GmbH - 63,,,0,5,NULL,NULL,48414,74,1,IP00011GW0278461,KE-374-26-06,0.00,0,NULL,2026-06-18 05:06:31.597,3,2026-06-18 05:19:28.693,NULL,Farm Kelbra GmbH - 63,2-DE-1505801,2026-06-18 07:51:49.840,2026-06-18 08:01:02.930,0,0,0,74,1,NULL,0,0,0,0,48414,46890,387845,46890,4,297,15311.30,0,0.00,0,0.00,0.00,Small,0,0.00,0,0.00,0.00,
74,NULL,Farm Kelbra GmbH - 63,,,0,5,NULL,NULL,48414,74,1,IP00011GW0278461,KE-374-26-06,0.00,0,NULL,2026-06-18 05:06:31.597,3,2026-06-18 05:19:28.693,NULL,Farm Kelbra GmbH - 63,2-DE-1505801,2026-06-18 07:51:49.840,2026-06-18 08:01:02.930,0,0,0,74,1,NULL,0,0,0,0,48414,46890,387846,46890,11,0,0.00,NULL,NULL,NULL,NULL,0.00,Reject,0,0.00,NULL,NULL,0.00,Reject
74,NULL,Farm Kelbra GmbH - 63,,,0,5,NULL,NULL,48414,74,1,IP00011GW0278461,KE-374-26-06,0.00,0,NULL,2026-06-18 05:06:31.597,3,2026-06-18 05:19:28.693,NULL,Farm Kelbra GmbH - 63,2-DE-1505801,2026-06-18 07:51:49.840,2026-06-18 08:01:02.930,0,0,0,74,1,NULL,0,0,0,0,48414,46890,387847,46890,12,75,4508.00,NULL,NULL,NULL,NULL,0.00,Crack,75,4508.00,NULL,NULL,0.00,Crack
74,NULL,Farm Kelbra GmbH - 63,,,0,5,NULL,NULL,48414,74,1,IP00011GW0278461,KE-374-26-06,0.00,0,NULL,2026-06-18 05:06:31.597,3,2026-06-18 05:19:28.693,NULL,Farm Kelbra GmbH - 63,2-DE-1505801,2026-06-18 07:51:49.840,2026-06-18 08:01:02.930,0,0,0,74,1,NULL,0,0,0,0,48414,46890,387848,46890,13,93,5589.05,NULL,NULL,NULL,NULL,0.00,Dirt,93,5589.05,NULL,NULL,0.00,Dirt
74,NULL,Farm Kelbra GmbH - 63,,,0,5,NULL,NULL,48414,74,1,IP00011GW0278461,KE-374-26-06,0.00,0,NULL,2026-06-18 05:06:31.597,3,2026-06-18 05:19:28.693,NULL,Farm Kelbra GmbH - 63,2-DE-1505801,2026-06-18 07:51:49.840,2026-06-18 08:01:02.930,0,0,0,74,1,NULL,0,0,0,0,48414,46890,387849,46890,14,11,659.75,NULL,NULL,NULL,NULL,0.00,Leakr,11,659.75,NULL,NULL,0.00,Leakr
74,NULL,Farm Kelbra GmbH - 63,,,0,5,NULL,NULL,48414,74,1,IP00011GW0278461,KE-374-26-06,0.00,0,NULL,2026-06-18 05:06:31.597,3,2026-06-18 05:19:28.693,NULL,Farm Kelbra GmbH - 63,2-DE-1505801,2026-06-18 07:51:49.840,2026-06-18 08:01:02.930,0,0,0,74,1,NULL,0,0,0,0,48414,46890,387850,46890,15,0,0.00,NULL,NULL,NULL,NULL,0.00,Blood,0,0.00,NULL,NULL,0.00,Blood
73,NULL,Farm Kelbra GmbH - 65,,,0,5,NULL,NULL,48415,73,1,IP00011GW0278466,KE-374-26-11,0.00,0,NULL,2026-06-18 05:08:12.637,3,2026-06-18 05:27:39.933,NULL,Farm Kelbra GmbH - 65,2-DE-1505801,2026-06-18 08:01:02.930,2026-06-18 08:09:13.720,0,0,0,73,1,NULL,0,0,0,0,48415,46891,387851,46891,0,6,562.45,0,0.00,0,0.00,83.00,XXL,29,2288.27,0,0.00,73.00,XLarg
73,NULL,Farm Kelbra GmbH - 65,,,0,5,NULL,NULL,48415,73,1,IP00011GW0278466,KE-374-26-11,0.00,0,NULL,2026-06-18 05:08:12.637,3,2026-06-18 05:27:39.933,NULL,Farm Kelbra GmbH - 65,2-DE-1505801,2026-06-18 08:01:02.930,2026-06-18 08:09:13.720,0,0,0,73,1,NULL,0,0,0,0,48415,46891,387852,46891,1,27,2017.02,0,0.00,0,0.00,72.60,XLarg,2833,185536.00,0,0.00,63.00,Large
73,NULL,Farm Kelbra GmbH - 65,,,0,5,NULL,NULL,48415,73,1,IP00011GW0278466,KE-374-26-11,0.00,0,NULL,2026-06-18 05:08:12.637,3,2026-06-18 05:27:39.933,NULL,Farm Kelbra GmbH - 65,2-DE-1505801,2026-06-18 08:01:02.930,2026-06-18 08:09:13.720,0,0,0,73,1,NULL,0,0,0,0,48415,46891,387853,46891,2,2829,185244.80,0,0.00,0,0.00,63.00,Large,7221,426251.86,0,0.00,53.00,Medi
73,NULL,Farm Kelbra GmbH - 65,,,0,5,NULL,NULL,48415,73,1,IP00011GW0278466,KE-374-26-11,0.00,0,NULL,2026-06-18 05:08:12.637,3,2026-06-18 05:27:39.933,NULL,Farm Kelbra GmbH - 65,2-DE-1505801,2026-06-18 08:01:02.930,2026-06-18 08:09:13.720,0,0,0,73,1,NULL,0,0,0,0,48415,46891,387854,46891,3,7221,426251.86,0,0.00,0,0.00,53.00,Medi,263,13506.83,0,0.00,0.00,Small
73,NULL,Farm Kelbra GmbH - 65,,,0,5,NULL,NULL,48415,73,1,IP00011GW0278466,KE-374-26-11,0.00,0,NULL,2026-06-18 05:08:12.637,3,2026-06-18 05:27:39.933,NULL,Farm Kelbra GmbH - 65,2-DE-1505801,2026-06-18 08:01:02.930,2026-06-18 08:09:13.720,0,0,0,73,1,NULL,0,0,0,0,48415,46891,387855,46891,4,263,13506.83,0,0.00,0,0.00,0.00,Small,0,0.00,0,0.00,0.00,
73,NULL,Farm Kelbra GmbH - 65,,,0,5,NULL,NULL,48415,73,1,IP00011GW0278466,KE-374-26-11,0.00,0,NULL,2026-06-18 05:08:12.637,3,2026-06-18 05:27:39.933,NULL,Farm Kelbra GmbH - 65,2-DE-1505801,2026-06-18 08:01:02.930,2026-06-18 08:09:13.720,0,0,0,73,1,NULL,0,0,0,0,48415,46891,387856,46891,11,0,0.00,NULL,NULL,NULL,NULL,0.00,Reject,0,0.00,NULL,NULL,0.00,Reject
73,NULL,Farm Kelbra GmbH - 65,,,0,5,NULL,NULL,48415,73,1,IP00011GW0278466,KE-374-26-11,0.00,0,NULL,2026-06-18 05:08:12.637,3,2026-06-18 05:27:39.933,NULL,Farm Kelbra GmbH - 65,2-DE-1505801,2026-06-18 08:01:02.930,2026-06-18 08:09:13.720,0,0,0,73,1,NULL,0,0,0,0,48415,46891,387857,46891,12,224,13775.43,NULL,NULL,NULL,NULL,0.00,Crack,224,13775.43,NULL,NULL,0.00,Crack
73,NULL,Farm Kelbra GmbH - 65,,,0,5,NULL,NULL,48415,73,1,IP00011GW0278466,KE-374-26-11,0.00,0,NULL,2026-06-18 05:08:12.637,3,2026-06-18 05:27:39.933,NULL,Farm Kelbra GmbH - 65,2-DE-1505801,2026-06-18 08:01:02.930,2026-06-18 08:09:13.720,0,0,0,73,1,NULL,0,0,0,0,48415,46891,387858,46891,13,90,5443.27,NULL,NULL,NULL,NULL,0.00,Dirt,90,5443.27,NULL,NULL,0.00,Dirt
73,NULL,Farm Kelbra GmbH - 65,,,0,5,NULL,NULL,48415,73,1,IP00011GW0278466,KE-374-26-11,0.00,0,NULL,2026-06-18 05:08:12.637,3,2026-06-18 05:27:39.933,NULL,Farm Kelbra GmbH - 65,2-DE-1505801,2026-06-18 08:01:02.930,2026-06-18 08:09:13.720,0,0,0,73,1,NULL,0,0,0,0,48415,46891,387859,46891,14,49,2968.52,NULL,NULL,NULL,NULL,0.00,Leakr,49,2968.52,NULL,NULL,0.00,Leakr
73,NULL,Farm Kelbra GmbH - 65,,,0,5,NULL,NULL,48415,73,1,IP00011GW0278466,KE-374-26-11,0.00,0,NULL,2026-06-18 05:08:12.637,3,2026-06-18 05:27:39.933,NULL,Farm Kelbra GmbH - 65,2-DE-1505801,2026-06-18 08:01:02.930,2026-06-18 08:09:13.720,0,0,0,73,1,NULL,0,0,0,0,48415,46891,387860,46891,15,1,82.23,NULL,NULL,NULL,NULL,0.00,Blood,1,82.23,NULL,NULL,0.00,Blood
72,NULL,Farm Kelbra GmbH - 62,,,0,5,NULL,NULL,48416,72,1,IP00011GW0278457,KE-374-26-01,0.00,0,NULL,2026-06-18 05:15:54.400,3,2026-06-18 05:40:23.673,NULL,Farm Kelbra GmbH - 62,2-DE-1505801,2026-06-18 08:09:13.720,2026-06-18 08:21:50.260,0,0,0,72,1,NULL,0,0,0,0,48416,46892,387861,46892,0,3,270.46,0,0.00,0,0.00,83.00,XXL,8,643.83,0,0.00,73.00,XLarg
72,NULL,Farm Kelbra GmbH - 62,,,0,5,NULL,NULL,48416,72,1,IP00011GW0278457,KE-374-26-01,0.00,0,NULL,2026-06-18 05:15:54.400,3,2026-06-18 05:40:23.673,NULL,Farm Kelbra GmbH - 62,2-DE-1505801,2026-06-18 08:09:13.720,2026-06-18 08:21:50.260,0,0,0,72,1,NULL,0,0,0,0,48416,46892,387862,46892,1,10,737.62,0,0.00,0,0.00,72.60,XLarg,2372,154743.41,0,0.00,63.00,Large
72,NULL,Farm Kelbra GmbH - 62,,,0,5,NULL,NULL,48416,72,1,IP00011GW0278457,KE-374-26-01,0.00,0,NULL,2026-06-18 05:15:54.400,3,2026-06-18 05:40:23.673,NULL,Farm Kelbra GmbH - 62,2-DE-1505801,2026-06-18 08:09:13.720,2026-06-18 08:21:50.260,0,0,0,72,1,NULL,0,0,0,0,48416,46892,387863,46892,2,2367,154379.16,0,0.00,0,0.00,63.00,Large,7979,470633.32,0,0.00,53.00,Medi
72,NULL,Farm Kelbra GmbH - 62,,,0,5,NULL,NULL,48416,72,1,IP00011GW0278457,KE-374-26-01,0.00,0,NULL,2026-06-18 05:15:54.400,3,2026-06-18 05:40:23.673,NULL,Farm Kelbra GmbH - 62,2-DE-1505801,2026-06-18 08:09:13.720,2026-06-18 08:21:50.260,0,0,0,72,1,NULL,0,0,0,0,48416,46892,387864,46892,3,7979,470633.32,0,0.00,0,0.00,53.00,Medi,243,12451.87,0,0.00,0.00,Small
72,NULL,Farm Kelbra GmbH - 62,,,0,5,NULL,NULL,48416,72,1,IP00011GW0278457,KE-374-26-01,0.00,0,NULL,2026-06-18 05:15:54.400,3,2026-06-18 05:40:23.673,NULL,Farm Kelbra GmbH - 62,2-DE-1505801,2026-06-18 08:09:13.720,2026-06-18 08:21:50.260,0,0,0,72,1,NULL,0,0,0,0,48416,46892,387865,46892,4,243,12451.87,0,0.00,0,0.00,0.00,Small,0,0.00,0,0.00,0.00,
72,NULL,Farm Kelbra GmbH - 62,,,0,5,NULL,NULL,48416,72,1,IP00011GW0278457,KE-374-26-01,0.00,0,NULL,2026-06-18 05:15:54.400,3,2026-06-18 05:40:23.673,NULL,Farm Kelbra GmbH - 62,2-DE-1505801,2026-06-18 08:09:13.720,2026-06-18 08:21:50.260,0,0,0,72,1,NULL,0,0,0,0,48416,46892,387866,46892,11,0,0.00,NULL,NULL,NULL,NULL,0.00,Reject,0,0.00,NULL,NULL,0.00,Reject
72,NULL,Farm Kelbra GmbH - 62,,,0,5,NULL,NULL,48416,72,1,IP00011GW0278457,KE-374-26-01,0.00,0,NULL,2026-06-18 05:15:54.400,3,2026-06-18 05:40:23.673,NULL,Farm Kelbra GmbH - 62,2-DE-1505801,2026-06-18 08:09:13.720,2026-06-18 08:21:50.260,0,0,0,72,1,NULL,0,0,0,0,48416,46892,387867,46892,12,84,5068.67,NULL,NULL,NULL,NULL,0.00,Crack,84,5068.67,NULL,NULL,0.00,Crack
72,NULL,Farm Kelbra GmbH - 62,,,0,5,NULL,NULL,48416,72,1,IP00011GW0278457,KE-374-26-01,0.00,0,NULL,2026-06-18 05:15:54.400,3,2026-06-18 05:40:23.673,NULL,Farm Kelbra GmbH - 62,2-DE-1505801,2026-06-18 08:09:13.720,2026-06-18 08:21:50.260,0,0,0,72,1,NULL,0,0,0,0,48416,46892,387868,46892,13,81,4873.91,NULL,NULL,NULL,NULL,0.00,Dirt,81,4873.91,NULL,NULL,0.00,Dirt
72,NULL,Farm Kelbra GmbH - 62,,,0,5,NULL,NULL,48416,72,1,IP00011GW0278457,KE-374-26-01,0.00,0,NULL,2026-06-18 05:15:54.400,3,2026-06-18 05:40:23.673,NULL,Farm Kelbra GmbH - 62,2-DE-1505801,2026-06-18 08:09:13.720,2026-06-18 08:21:50.260,0,0,0,72,1,NULL,0,0,0,0,48416,46892,387869,46892,14,10,602.60,NULL,NULL,NULL,NULL,0.00,Leakr,10,602.60,NULL,NULL,0.00,Leakr
72,NULL,Farm Kelbra GmbH - 62,,,0,5,NULL,NULL,48416,72,1,IP00011GW0278457,KE-374-26-01,0.00,0,NULL,2026-06-18 05:15:54.400,3,2026-06-18 05:40:23.673,NULL,Farm Kelbra GmbH - 62,2-DE-1505801,2026-06-18 08:09:13.720,2026-06-18 08:21:50.260,0,0,0,72,1,NULL,0,0,0,0,48416,46892,387870,46892,15,1,59.57,NULL,NULL,NULL,NULL,0.00,Blood,1,59.57,NULL,NULL,0.00,Blood
72,NULL,Farm Kelbra GmbH - 62,,,0,5,NULL,NULL,48417,72,1,IP00011GW0278460,KE-374-26-03,0.00,0,NULL,2026-06-18 05:24:20.670,3,2026-06-18 06:00:12.137,NULL,Farm Kelbra GmbH - 62,2-DE-1505801,2026-06-18 08:21:50.260,2026-06-18 08:31:20.180,0,0,0,72,1,NULL,0,0,0,0,48417,46893,387871,46893,0,2,168.80,0,0.00,0,0.00,83.00,XXL,16,1232.06,0,0.00,73.00,XLarg
72,NULL,Farm Kelbra GmbH - 62,,,0,5,NULL,NULL,48417,72,1,IP00011GW0278460,KE-374-26-03,0.00,0,NULL,2026-06-18 05:24:20.670,3,2026-06-18 06:00:12.137,NULL,Farm Kelbra GmbH - 62,2-DE-1505801,2026-06-18 08:21:50.260,2026-06-18 08:31:20.180,0,0,0,72,1,NULL,0,0,0,0,48417,46893,387872,46893,1,16,1208.77,0,0.00,0,0.00,72.60,XLarg,2484,162079.34,0,0.00,63.00,Large
72,NULL,Farm Kelbra GmbH - 62,,,0,5,NULL,NULL,48417,72,1,IP00011GW0278460,KE-374-26-03,0.00,0,NULL,2026-06-18 05:24:20.670,3,2026-06-18 06:00:12.137,NULL,Farm Kelbra GmbH - 62,2-DE-1505801,2026-06-18 08:21:50.260,2026-06-18 08:31:20.180,0,0,0,72,1,NULL,0,0,0,0,48417,46893,387873,46893,2,2482,161933.83,0,0.00,0,0.00,63.00,Large,7870,464589.35,0,0.00,53.00,Medi
72,NULL,Farm Kelbra GmbH - 62,,,0,5,NULL,NULL,48417,72,1,IP00011GW0278460,KE-374-26-03,0.00,0,NULL,2026-06-18 05:24:20.670,3,2026-06-18 06:00:12.137,NULL,Farm Kelbra GmbH - 62,2-DE-1505801,2026-06-18 08:21:50.260,2026-06-18 08:31:20.180,0,0,0,72,1,NULL,0,0,0,0,48417,46893,387874,46893,3,7870,464589.35,0,0.00,0,0.00,53.00,Medi,240,12287.22,0,0.00,0.00,Small
72,NULL,Farm Kelbra GmbH - 62,,,0,5,NULL,NULL,48417,72,1,IP00011GW0278460,KE-374-26-03,0.00,0,NULL,2026-06-18 05:24:20.670,3,2026-06-18 06:00:12.137,NULL,Farm Kelbra GmbH - 62,2-DE-1505801,2026-06-18 08:21:50.260,2026-06-18 08:31:20.180,0,0,0,72,1,NULL,0,0,0,0,48417,46893,387875,46893,4,240,12287.22,0,0.00,0,0.00,0.00,Small,0,0.00,0,0.00,0.00,
72,NULL,Farm Kelbra GmbH - 62,,,0,5,NULL,NULL,48417,72,1,IP00011GW0278460,KE-374-26-03,0.00,0,NULL,2026-06-18 05:24:20.670,3,2026-06-18 06:00:12.137,NULL,Farm Kelbra GmbH - 62,2-DE-1505801,2026-06-18 08:21:50.260,2026-06-18 08:31:20.180,0,0,0,72,1,NULL,0,0,0,0,48417,46893,387876,46893,11,0,0.00,NULL,NULL,NULL,NULL,0.00,Reject,0,0.00,NULL,NULL,0.00,Reject
72,NULL,Farm Kelbra GmbH - 62,,,0,5,NULL,NULL,48417,72,1,IP00011GW0278460,KE-374-26-03,0.00,0,NULL,2026-06-18 05:24:20.670,3,2026-06-18 06:00:12.137,NULL,Farm Kelbra GmbH - 62,2-DE-1505801,2026-06-18 08:21:50.260,2026-06-18 08:31:20.180,0,0,0,72,1,NULL,0,0,0,0,48417,46893,387877,46893,12,61,3677.24,NULL,NULL,NULL,NULL,0.00,Crack,61,3677.24,NULL,NULL,0.00,Crack
72,NULL,Farm Kelbra GmbH - 62,,,0,5,NULL,NULL,48417,72,1,IP00011GW0278460,KE-374-26-03,0.00,0,NULL,2026-06-18 05:24:20.670,3,2026-06-18 06:00:12.137,NULL,Farm Kelbra GmbH - 62,2-DE-1505801,2026-06-18 08:21:50.260,2026-06-18 08:31:20.180,0,0,0,72,1,NULL,0,0,0,0,48417,46893,387878,46893,13,96,5792.92,NULL,NULL,NULL,NULL,0.00,Dirt,96,5792.92,NULL,NULL,0.00,Dirt
72,NULL,Farm Kelbra GmbH - 62,,,0,5,NULL,NULL,48417,72,1,IP00011GW0278460,KE-374-26-03,0.00,0,NULL,2026-06-18 05:24:20.670,3,2026-06-18 06:00:12.137,NULL,Farm Kelbra GmbH - 62,2-DE-1505801,2026-06-18 08:21:50.260,2026-06-18 08:31:20.180,0,0,0,72,1,NULL,0,0,0,0,48417,46893,387879,46893,14,11,662.83,NULL,NULL,NULL,NULL,0.00,Leakr,11,662.83,NULL,NULL,0.00,Leakr
72,NULL,Farm Kelbra GmbH - 62,,,0,5,NULL,NULL,48417,72,1,IP00011GW0278460,KE-374-26-03,0.00,0,NULL,2026-06-18 05:24:20.670,3,2026-06-18 06:00:12.137,NULL,Farm Kelbra GmbH - 62,2-DE-1505801,2026-06-18 08:21:50.260,2026-06-18 08:31:20.180,0,0,0,72,1,NULL,0,0,0,0,48417,46893,387880,46893,15,0,0.00,NULL,NULL,NULL,NULL,0.00,Blood,0,0.00,NULL,NULL,0.00,Blood
59,NULL,Geflügelfarm Welbsleben G - 16,,,0,5,NULL,NULL,48419,59,1,IP00011GW0278422,W2-370-26-01,0.00,0,NULL,2026-06-18 05:39:46.473,3,2026-06-18 06:12:40.857,NULL,Geflügelfarm Welbsleben G - 16,2-DE-1500601,2026-06-18 08:31:20.180,2026-06-18 08:54:15.330,0,0,0,59,1,NULL,0,0,0,0,48419,46894,387881,46894,0,4,333.86,0,0.00,0,0.00,83.00,XXL,365,27472.24,0,0.00,73.00,XLarg
59,NULL,Geflügelfarm Welbsleben G - 16,,,0,5,NULL,NULL,48419,59,1,IP00011GW0278422,W2-370-26-01,0.00,0,NULL,2026-06-18 05:39:46.473,3,2026-06-18 06:12:40.857,NULL,Geflügelfarm Welbsleben G - 16,2-DE-1500601,2026-06-18 08:31:20.180,2026-06-18 08:54:15.330,0,0,0,59,1,NULL,0,0,0,0,48419,46894,387882,46894,1,407,30486.57,0,0.00,0,0.00,72.60,XLarg,5285,352021.83,0,0.00,63.00,Large
59,NULL,Geflügelfarm Welbsleben G - 16,,,0,5,NULL,NULL,48419,59,1,IP00011GW0278422,W2-370-26-01,0.00,0,NULL,2026-06-18 05:39:46.473,3,2026-06-18 06:12:40.857,NULL,Geflügelfarm Welbsleben G - 16,2-DE-1500601,2026-06-18 08:31:20.180,2026-06-18 08:54:15.330,0,0,0,59,1,NULL,0,0,0,0,48419,46894,387883,46894,2,5239,348673.64,0,0.00,0,0.00,63.00,Large,4697,280993.99,0,0.00,53.00,Medi
59,NULL,Geflügelfarm Welbsleben G - 16,,,0,5,NULL,NULL,48419,59,1,IP00011GW0278422,W2-370-26-01,0.00,0,NULL,2026-06-18 05:39:46.473,3,2026-06-18 06:12:40.857,NULL,Geflügelfarm Welbsleben G - 16,2-DE-1500601,2026-06-18 08:31:20.180,2026-06-18 08:54:15.330,0,0,0,59,1,NULL,0,0,0,0,48419,46894,387884,46894,3,4697,280993.99,0,0.00,0,0.00,53.00,Medi,81,4150.22,0,0.00,0.00,Small
59,NULL,Geflügelfarm Welbsleben G - 16,,,0,5,NULL,NULL,48419,59,1,IP00011GW0278422,W2-370-26-01,0.00,0,NULL,2026-06-18 05:39:46.473,3,2026-06-18 06:12:40.857,NULL,Geflügelfarm Welbsleben G - 16,2-DE-1500601,2026-06-18 08:31:20.180,2026-06-18 08:54:15.330,0,0,0,59,1,NULL,0,0,0,0,48419,46894,387885,46894,4,81,4150.22,0,0.00,0,0.00,0.00,Small,0,0.00,0,0.00,0.00,
59,NULL,Geflügelfarm Welbsleben G - 16,,,0,5,NULL,NULL,48419,59,1,IP00011GW0278422,W2-370-26-01,0.00,0,NULL,2026-06-18 05:39:46.473,3,2026-06-18 06:12:40.857,NULL,Geflügelfarm Welbsleben G - 16,2-DE-1500601,2026-06-18 08:31:20.180,2026-06-18 08:54:15.330,0,0,0,59,1,NULL,0,0,0,0,48419,46894,387886,46894,11,0,0.00,NULL,NULL,NULL,NULL,0.00,Reject,0,0.00,NULL,NULL,0.00,Reject
59,NULL,Geflügelfarm Welbsleben G - 16,,,0,5,NULL,NULL,48419,59,1,IP00011GW0278422,W2-370-26-01,0.00,0,NULL,2026-06-18 05:39:46.473,3,2026-06-18 06:12:40.857,NULL,Geflügelfarm Welbsleben G - 16,2-DE-1500601,2026-06-18 08:31:20.180,2026-06-18 08:54:15.330,0,0,0,59,1,NULL,0,0,0,0,48419,46894,387887,46894,12,209,13458.13,NULL,NULL,NULL,NULL,0.00,Crack,209,13458.13,NULL,NULL,0.00,Crack
59,NULL,Geflügelfarm Welbsleben G - 16,,,0,5,NULL,NULL,48419,59,1,IP00011GW0278422,W2-370-26-01,0.00,0,NULL,2026-06-18 05:39:46.473,3,2026-06-18 06:12:40.857,NULL,Geflügelfarm Welbsleben G - 16,2-DE-1500601,2026-06-18 08:31:20.180,2026-06-18 08:54:15.330,0,0,0,59,1,NULL,0,0,0,0,48419,46894,387888,46894,13,115,7333.68,NULL,NULL,NULL,NULL,0.00,Dirt,115,7333.68,NULL,NULL,0.00,Dirt
59,NULL,Geflügelfarm Welbsleben G - 16,,,0,5,NULL,NULL,48419,59,1,IP00011GW0278422,W2-370-26-01,0.00,0,NULL,2026-06-18 05:39:46.473,3,2026-06-18 06:12:40.857,NULL,Geflügelfarm Welbsleben G - 16,2-DE-1500601,2026-06-18 08:31:20.180,2026-06-18 08:54:15.330,0,0,0,59,1,NULL,0,0,0,0,48419,46894,387889,46894,14,37,2360.18,NULL,NULL,NULL,NULL,0.00,Leakr,37,2360.18,NULL,NULL,0.00,Leakr
59,NULL,Geflügelfarm Welbsleben G - 16,,,0,5,NULL,NULL,48419,59,1,IP00011GW0278422,W2-370-26-01,0.00,0,NULL,2026-06-18 05:39:46.473,3,2026-06-18 06:12:40.857,NULL,Geflügelfarm Welbsleben G - 16,2-DE-1500601,2026-06-18 08:31:20.180,2026-06-18 08:54:15.330,0,0,0,59,1,NULL,0,0,0,0,48419,46894,387890,46894,15,1,65.33,NULL,NULL,NULL,NULL,0.00,Blood,1,65.33,NULL,NULL,0.00,Blood
33,NULL,Geflügelfarm Welbsleben G - 17,,,0,5,NULL,NULL,48420,33,1,IP00011GW0278420,W2-370-26-02,0.00,0,NULL,2026-06-18 05:48:57.370,3,2026-06-18 06:18:32.303,NULL,Geflügelfarm Welbsleben G - 17,2-DE-1500602,2026-06-18 08:54:15.330,2026-06-18 09:00:06.200,0,0,0,33,1,NULL,0,0,0,0,48420,46895,387891,46895,0,1,90.28,0,0.00,0,0.00,83.00,XXL,272,20435.79,0,0.00,73.00,XLarg
33,NULL,Geflügelfarm Welbsleben G - 17,,,0,5,NULL,NULL,48420,33,1,IP00011GW0278420,W2-370-26-02,0.00,0,NULL,2026-06-18 05:48:57.370,3,2026-06-18 06:18:32.303,NULL,Geflügelfarm Welbsleben G - 17,2-DE-1500602,2026-06-18 08:54:15.330,2026-06-18 09:00:06.200,0,0,0,33,1,NULL,0,0,0,0,48420,46895,387892,46895,1,311,23257.14,0,0.00,0,0.00,72.60,XLarg,3168,211581.59,0,0.00,63.00,Large
33,NULL,Geflügelfarm Welbsleben G - 17,,,0,5,NULL,NULL,48420,33,1,IP00011GW0278420,W2-370-26-02,0.00,0,NULL,2026-06-18 05:48:57.370,3,2026-06-18 06:18:32.303,NULL,Geflügelfarm Welbsleben G - 17,2-DE-1500602,2026-06-18 08:54:15.330,2026-06-18 09:00:06.200,0,0,0,33,1,NULL,0,0,0,0,48420,46895,387893,46895,2,3128,208669.96,0,0.00,0,0.00,63.00,Large,2307,138480.79,0,0.00,53.00,Medi
33,NULL,Geflügelfarm Welbsleben G - 17,,,0,5,NULL,NULL,48420,33,1,IP00011GW0278420,W2-370-26-02,0.00,0,NULL,2026-06-18 05:48:57.370,3,2026-06-18 06:18:32.303,NULL,Geflügelfarm Welbsleben G - 17,2-DE-1500602,2026-06-18 08:54:15.330,2026-06-18 09:00:06.200,0,0,0,33,1,NULL,0,0,0,0,48420,46895,387894,46895,3,2307,138480.79,0,0.00,0,0.00,53.00,Medi,39,1980.87,0,0.00,0.00,Small
33,NULL,Geflügelfarm Welbsleben G - 17,,,0,5,NULL,NULL,48420,33,1,IP00011GW0278420,W2-370-26-02,0.00,0,NULL,2026-06-18 05:48:57.370,3,2026-06-18 06:18:32.303,NULL,Geflügelfarm Welbsleben G - 17,2-DE-1500602,2026-06-18 08:54:15.330,2026-06-18 09:00:06.200,0,0,0,33,1,NULL,0,0,0,0,48420,46895,387895,46895,4,39,1980.87,0,0.00,0,0.00,0.00,Small,0,0.00,0,0.00,0.00,
33,NULL,Geflügelfarm Welbsleben G - 17,,,0,5,NULL,NULL,48420,33,1,IP00011GW0278420,W2-370-26-02,0.00,0,NULL,2026-06-18 05:48:57.370,3,2026-06-18 06:18:32.303,NULL,Geflügelfarm Welbsleben G - 17,2-DE-1500602,2026-06-18 08:54:15.330,2026-06-18 09:00:06.200,0,0,0,33,1,NULL,0,0,0,0,48420,46895,387896,46895,11,0,0.00,NULL,NULL,NULL,NULL,0.00,Reject,0,0.00,NULL,NULL,0.00,Reject
33,NULL,Geflügelfarm Welbsleben G - 17,,,0,5,NULL,NULL,48420,33,1,IP00011GW0278420,W2-370-26-02,0.00,0,NULL,2026-06-18 05:48:57.370,3,2026-06-18 06:18:32.303,NULL,Geflügelfarm Welbsleben G - 17,2-DE-1500602,2026-06-18 08:54:15.330,2026-06-18 09:00:06.200,0,0,0,33,1,NULL,0,0,0,0,48420,46895,387897,46895,12,98,6405.59,NULL,NULL,NULL,NULL,0.00,Crack,98,6405.59,NULL,NULL,0.00,Crack
33,NULL,Geflügelfarm Welbsleben G - 17,,,0,5,NULL,NULL,48420,33,1,IP00011GW0278420,W2-370-26-02,0.00,0,NULL,2026-06-18 05:48:57.370,3,2026-06-18 06:18:32.303,NULL,Geflügelfarm Welbsleben G - 17,2-DE-1500602,2026-06-18 08:54:15.330,2026-06-18 09:00:06.200,0,0,0,33,1,NULL,0,0,0,0,48420,46895,387898,46895,13,29,1879.37,NULL,NULL,NULL,NULL,0.00,Dirt,29,1879.37,NULL,NULL,0.00,Dirt
33,NULL,Geflügelfarm Welbsleben G - 17,,,0,5,NULL,NULL,48420,33,1,IP00011GW0278420,W2-370-26-02,0.00,0,NULL,2026-06-18 05:48:57.370,3,2026-06-18 06:18:32.303,NULL,Geflügelfarm Welbsleben G - 17,2-DE-1500602,2026-06-18 08:54:15.330,2026-06-18 09:00:06.200,0,0,0,33,1,NULL,0,0,0,0,48420,46895,387899,46895,14,22,1414.37,NULL,NULL,NULL,NULL,0.00,Leakr,22,1414.37,NULL,NULL,0.00,Leakr
33,NULL,Geflügelfarm Welbsleben G - 17,,,0,5,NULL,NULL,48420,33,1,IP00011GW0278420,W2-370-26-02,0.00,0,NULL,2026-06-18 05:48:57.370,3,2026-06-18 06:18:32.303,NULL,Geflügelfarm Welbsleben G - 17,2-DE-1500602,2026-06-18 08:54:15.330,2026-06-18 09:00:06.200,0,0,0,33,1,NULL,0,0,0,0,48420,46895,387900,46895,15,0,0.00,NULL,NULL,NULL,NULL,0.00,Blood,0,0.00,NULL,NULL,0.00,Blood
33,NULL,Geflügelfarm Welbsleben G - 17,,,0,5,NULL,NULL,48421,33,1,IP00011GW0278421,W2-374-26-01,0.00,0,NULL,2026-06-18 06:07:58.333,3,2026-06-18 06:29:38.027,NULL,Geflügelfarm Welbsleben G - 17,2-DE-1500602,2026-06-18 09:00:06.200,2026-06-18 09:11:11.900,0,0,0,33,1,NULL,0,0,0,0,48421,46896,387901,46896,0,6,513.77,0,0.00,0,0.00,83.00,XXL,349,26301.83,0,0.00,73.00,XLarg
33,NULL,Geflügelfarm Welbsleben G - 17,,,0,5,NULL,NULL,48421,33,1,IP00011GW0278421,W2-374-26-01,0.00,0,NULL,2026-06-18 06:07:58.333,3,2026-06-18 06:29:38.027,NULL,Geflügelfarm Welbsleben G - 17,2-DE-1500602,2026-06-18 09:00:06.200,2026-06-18 09:11:11.900,0,0,0,33,1,NULL,0,0,0,0,48421,46896,387902,46896,1,412,30809.60,0,0.00,0,0.00,73.00,XLarg,5112,340270.17,0,0.00,63.00,Large
33,NULL,Geflügelfarm Welbsleben G - 17,,,0,5,NULL,NULL,48421,33,1,IP00011GW0278421,W2-374-26-01,0.00,0,NULL,2026-06-18 06:07:58.333,3,2026-06-18 06:29:38.027,NULL,Geflügelfarm Welbsleben G - 17,2-DE-1500602,2026-06-18 09:00:06.200,2026-06-18 09:11:11.900,0,0,0,33,1,NULL,0,0,0,0,48421,46896,387903,46896,2,5043,335248.63,0,0.00,0,0.00,63.00,Large,4883,291208.15,0,0.00,53.00,Medi
33,NULL,Geflügelfarm Welbsleben G - 17,,,0,5,NULL,NULL,48421,33,1,IP00011GW0278421,W2-374-26-01,0.00,0,NULL,2026-06-18 06:07:58.333,3,2026-06-18 06:29:38.027,NULL,Geflügelfarm Welbsleben G - 17,2-DE-1500602,2026-06-18 09:00:06.200,2026-06-18 09:11:11.900,0,0,0,33,1,NULL,0,0,0,0,48421,46896,387904,46896,3,4883,291208.15,0,0.00,0,0.00,53.00,Medi,103,5281.64,0,0.00,0.00,Small
33,NULL,Geflügelfarm Welbsleben G - 17,,,0,5,NULL,NULL,48421,33,1,IP00011GW0278421,W2-374-26-01,0.00,0,NULL,2026-06-18 06:07:58.333,3,2026-06-18 06:29:38.027,NULL,Geflügelfarm Welbsleben G - 17,2-DE-1500602,2026-06-18 09:00:06.200,2026-06-18 09:11:11.900,0,0,0,33,1,NULL,0,0,0,0,48421,46896,387905,46896,4,103,5281.64,0,0.00,0,0.00,0.00,Small,0,0.00,0,0.00,0.00,
33,NULL,Geflügelfarm Welbsleben G - 17,,,0,5,NULL,NULL,48421,33,1,IP00011GW0278421,W2-374-26-01,0.00,0,NULL,2026-06-18 06:07:58.333,3,2026-06-18 06:29:38.027,NULL,Geflügelfarm Welbsleben G - 17,2-DE-1500602,2026-06-18 09:00:06.200,2026-06-18 09:11:11.900,0,0,0,33,1,NULL,0,0,0,0,48421,46896,387906,46896,11,0,0.00,NULL,NULL,NULL,NULL,0.00,Reject,0,0.00,NULL,NULL,0.00,Reject
33,NULL,Geflügelfarm Welbsleben G - 17,,,0,5,NULL,NULL,48421,33,1,IP00011GW0278421,W2-374-26-01,0.00,0,NULL,2026-06-18 06:07:58.333,3,2026-06-18 06:29:38.027,NULL,Geflügelfarm Welbsleben G - 17,2-DE-1500602,2026-06-18 09:00:06.200,2026-06-18 09:11:11.900,0,0,0,33,1,NULL,0,0,0,0,48421,46896,387907,46896,12,229,14592.21,NULL,NULL,NULL,NULL,0.00,Crack,229,14592.21,NULL,NULL,0.00,Crack
33,NULL,Geflügelfarm Welbsleben G - 17,,,0,5,NULL,NULL,48421,33,1,IP00011GW0278421,W2-374-26-01,0.00,0,NULL,2026-06-18 06:07:58.333,3,2026-06-18 06:29:38.027,NULL,Geflügelfarm Welbsleben G - 17,2-DE-1500602,2026-06-18 09:00:06.200,2026-06-18 09:11:11.900,0,0,0,33,1,NULL,0,0,0,0,48421,46896,387908,46896,13,86,5499.73,NULL,NULL,NULL,NULL,0.00,Dirt,86,5499.73,NULL,NULL,0.00,Dirt
33,NULL,Geflügelfarm Welbsleben G - 17,,,0,5,NULL,NULL,48421,33,1,IP00011GW0278421,W2-374-26-01,0.00,0,NULL,2026-06-18 06:07:58.333,3,2026-06-18 06:29:38.027,NULL,Geflügelfarm Welbsleben G - 17,2-DE-1500602,2026-06-18 09:00:06.200,2026-06-18 09:11:11.900,0,0,0,33,1,NULL,0,0,0,0,48421,46896,387909,46896,14,30,1904.98,NULL,NULL,NULL,NULL,0.00,Leakr,30,1904.98,NULL,NULL,0.00,Leakr
33,NULL,Geflügelfarm Welbsleben G - 17,,,0,5,NULL,NULL,48421,33,1,IP00011GW0278421,W2-374-26-01,0.00,0,NULL,2026-06-18 06:07:58.333,3,2026-06-18 06:29:38.027,NULL,Geflügelfarm Welbsleben G - 17,2-DE-1500602,2026-06-18 09:00:06.200,2026-06-18 09:11:11.900,0,0,0,33,1,NULL,0,0,0,0,48421,46896,387910,46896,15,0,0.00,NULL,NULL,NULL,NULL,0.00,Blood,0,0.00,NULL,NULL,0.00,Blood
33,NULL,Geflügelfarm Welbsleben G - 17,,,0,5,NULL,NULL,48422,33,1,IP00011GW0278419,W2-374-26-02,0.00,0,NULL,2026-06-18 06:21:16.380,3,2026-06-18 07:13:53.133,NULL,Geflügelfarm Welbsleben G - 17,2-DE-1500602,2026-06-18 09:11:11.900,2026-06-18 09:55:25.230,0,0,0,33,1,NULL,0,0,0,0,48422,46897,387911,46897,0,2,173.80,0,0.00,0,0.00,83.00,XXL,399,30180.80,0,0.00,73.00,XLarg
33,NULL,Geflügelfarm Welbsleben G - 17,,,0,5,NULL,NULL,48422,33,1,IP00011GW0278419,W2-374-26-02,0.00,0,NULL,2026-06-18 06:21:16.380,3,2026-06-18 07:13:53.133,NULL,Geflügelfarm Welbsleben G - 17,2-DE-1500602,2026-06-18 09:11:11.900,2026-06-18 09:55:25.230,0,0,0,33,1,NULL,0,0,0,0,48422,46897,387912,46897,1,397,30007.00,0,0.00,0,0.00,73.00,XLarg,4837,323379.81,0,0.00,63.00,Large
33,NULL,Geflügelfarm Welbsleben G - 17,,,0,5,NULL,NULL,48422,33,1,IP00011GW0278419,W2-374-26-02,0.00,0,NULL,2026-06-18 06:21:16.380,3,2026-06-18 07:13:53.133,NULL,Geflügelfarm Welbsleben G - 17,2-DE-1500602,2026-06-18 09:11:11.900,2026-06-18 09:55:25.230,0,0,0,33,1,NULL,0,0,0,0,48422,46897,387913,46897,2,4837,323379.81,0,0.00,0,0.00,63.00,Large,3535,211974.66,0,0.00,53.00,Medi
33,NULL,Geflügelfarm Welbsleben G - 17,,,0,5,NULL,NULL,48422,33,1,IP00011GW0278419,W2-374-26-02,0.00,0,NULL,2026-06-18 06:21:16.380,3,2026-06-18 07:13:53.133,NULL,Geflügelfarm Welbsleben G - 17,2-DE-1500602,2026-06-18 09:11:11.900,2026-06-18 09:55:25.230,0,0,0,33,1,NULL,0,0,0,0,48422,46897,387914,46897,3,3535,211974.66,0,0.00,0,0.00,53.00,Medi,43,2200.39,0,0.00,0.00,Small
33,NULL,Geflügelfarm Welbsleben G - 17,,,0,5,NULL,NULL,48422,33,1,IP00011GW0278419,W2-374-26-02,0.00,0,NULL,2026-06-18 06:21:16.380,3,2026-06-18 07:13:53.133,NULL,Geflügelfarm Welbsleben G - 17,2-DE-1500602,2026-06-18 09:11:11.900,2026-06-18 09:55:25.230,0,0,0,33,1,NULL,0,0,0,0,48422,46897,387915,46897,4,43,2200.39,0,0.00,0,0.00,0.00,Small,0,0.00,0,0.00,0.00,
33,NULL,Geflügelfarm Welbsleben G - 17,,,0,5,NULL,NULL,48422,33,1,IP00011GW0278419,W2-374-26-02,0.00,0,NULL,2026-06-18 06:21:16.380,3,2026-06-18 07:13:53.133,NULL,Geflügelfarm Welbsleben G - 17,2-DE-1500602,2026-06-18 09:11:11.900,2026-06-18 09:55:25.230,0,0,0,33,1,NULL,0,0,0,0,48422,46897,387916,46897,11,0,0.00,NULL,NULL,NULL,NULL,0.00,Reject,0,0.00,NULL,NULL,0.00,Reject
33,NULL,Geflügelfarm Welbsleben G - 17,,,0,5,NULL,NULL,48422,33,1,IP00011GW0278419,W2-374-26-02,0.00,0,NULL,2026-06-18 06:21:16.380,3,2026-06-18 07:13:53.133,NULL,Geflügelfarm Welbsleben G - 17,2-DE-1500602,2026-06-18 09:11:11.900,2026-06-18 09:55:25.230,0,0,0,33,1,NULL,0,0,0,0,48422,46897,387917,46897,12,201,13242.23,NULL,NULL,NULL,NULL,0.00,Crack,201,13242.23,NULL,NULL,0.00,Crack
33,NULL,Geflügelfarm Welbsleben G - 17,,,0,5,NULL,NULL,48422,33,1,IP00011GW0278419,W2-374-26-02,0.00,0,NULL,2026-06-18 06:21:16.380,3,2026-06-18 07:13:53.133,NULL,Geflügelfarm Welbsleben G - 17,2-DE-1500602,2026-06-18 09:11:11.900,2026-06-18 09:55:25.230,0,0,0,33,1,NULL,0,0,0,0,48422,46897,387918,46897,13,70,4556.78,NULL,NULL,NULL,NULL,0.00,Dirt,70,4556.78,NULL,NULL,0.00,Dirt
33,NULL,Geflügelfarm Welbsleben G - 17,,,0,5,NULL,NULL,48422,33,1,IP00011GW0278419,W2-374-26-02,0.00,0,NULL,2026-06-18 06:21:16.380,3,2026-06-18 07:13:53.133,NULL,Geflügelfarm Welbsleben G - 17,2-DE-1500602,2026-06-18 09:11:11.900,2026-06-18 09:55:25.230,0,0,0,33,1,NULL,0,0,0,0,48422,46897,387919,46897,14,22,1417.39,NULL,NULL,NULL,NULL,0.00,Leakr,22,1417.39,NULL,NULL,0.00,Leakr
33,NULL,Geflügelfarm Welbsleben G - 17,,,0,5,NULL,NULL,48422,33,1,IP00011GW0278419,W2-374-26-02,0.00,0,NULL,2026-06-18 06:21:16.380,3,2026-06-18 07:13:53.133,NULL,Geflügelfarm Welbsleben G - 17,2-DE-1500602,2026-06-18 09:11:11.900,2026-06-18 09:55:25.230,0,0,0,33,1,NULL,0,0,0,0,48422,46897,387920,46897,15,1,56.82,NULL,NULL,NULL,NULL,0.00,Blood,1,56.82,NULL,NULL,0.00,Blood
33,NULL,Geflügelfarm Welbsleben G - 17,,,0,5,NULL,NULL,48423,33,1,IP00011GW0278467,W2-375-26-01,0.00,0,NULL,2026-06-18 06:27:09.700,3,2026-06-18 07:23:47.303,NULL,Geflügelfarm Welbsleben G - 17,2-DE-1500602,2026-06-18 09:55:25.230,2026-06-18 10:05:21.560,0,0,0,33,1,NULL,0,0,0,0,48423,46898,387921,46898,0,3,256.04,0,0.00,0,0.00,83.00,XXL,412,31134.61,0,0.00,73.00,XLarg
33,NULL,Geflügelfarm Welbsleben G - 17,,,0,5,NULL,NULL,48423,33,1,IP00011GW0278467,W2-375-26-01,0.00,0,NULL,2026-06-18 06:27:09.700,3,2026-06-18 07:23:47.303,NULL,Geflügelfarm Welbsleben G - 17,2-DE-1500602,2026-06-18 09:55:25.230,2026-06-18 10:05:21.560,0,0,0,33,1,NULL,0,0,0,0,48423,46898,387922,46898,1,409,30878.57,0,0.00,0,0.00,73.00,XLarg,5192,346150.72,0,0.00,63.00,Large
33,NULL,Geflügelfarm Welbsleben G - 17,,,0,5,NULL,NULL,48423,33,1,IP00011GW0278467,W2-375-26-01,0.00,0,NULL,2026-06-18 06:27:09.700,3,2026-06-18 07:23:47.303,NULL,Geflügelfarm Welbsleben G - 17,2-DE-1500602,2026-06-18 09:55:25.230,2026-06-18 10:05:21.560,0,0,0,33,1,NULL,0,0,0,0,48423,46898,387923,46898,2,5192,346150.72,0,0.00,0,0.00,63.00,Large,4748,283371.84,0,0.00,53.00,Medi
33,NULL,Geflügelfarm Welbsleben G - 17,,,0,5,NULL,NULL,48423,33,1,IP00011GW0278467,W2-375-26-01,0.00,0,NULL,2026-06-18 06:27:09.700,3,2026-06-18 07:23:47.303,NULL,Geflügelfarm Welbsleben G - 17,2-DE-1500602,2026-06-18 09:55:25.230,2026-06-18 10:05:21.560,0,0,0,33,1,NULL,0,0,0,0,48423,46898,387924,46898,3,4748,283371.84,0,0.00,0,0.00,53.00,Medi,79,4010.92,0,0.00,0.00,Small
33,NULL,Geflügelfarm Welbsleben G - 17,,,0,5,NULL,NULL,48423,33,1,IP00011GW0278467,W2-375-26-01,0.00,0,NULL,2026-06-18 06:27:09.700,3,2026-06-18 07:23:47.303,NULL,Geflügelfarm Welbsleben G - 17,2-DE-1500602,2026-06-18 09:55:25.230,2026-06-18 10:05:21.560,0,0,0,33,1,NULL,0,0,0,0,48423,46898,387925,46898,4,79,4010.92,0,0.00,0,0.00,0.00,Small,0,0.00,0,0.00,0.00,
33,NULL,Geflügelfarm Welbsleben G - 17,,,0,5,NULL,NULL,48423,33,1,IP00011GW0278467,W2-375-26-01,0.00,0,NULL,2026-06-18 06:27:09.700,3,2026-06-18 07:23:47.303,NULL,Geflügelfarm Welbsleben G - 17,2-DE-1500602,2026-06-18 09:55:25.230,2026-06-18 10:05:21.560,0,0,0,33,1,NULL,0,0,0,0,48423,46898,387926,46898,11,0,0.00,NULL,NULL,NULL,NULL,0.00,Reject,0,0.00,NULL,NULL,0.00,Reject
33,NULL,Geflügelfarm Welbsleben G - 17,,,0,5,NULL,NULL,48423,33,1,IP00011GW0278467,W2-375-26-01,0.00,0,NULL,2026-06-18 06:27:09.700,3,2026-06-18 07:23:47.303,NULL,Geflügelfarm Welbsleben G - 17,2-DE-1500602,2026-06-18 09:55:25.230,2026-06-18 10:05:21.560,0,0,0,33,1,NULL,0,0,0,0,48423,46898,387927,46898,12,221,14361.85,NULL,NULL,NULL,NULL,0.00,Crack,221,14361.85,NULL,NULL,0.00,Crack
33,NULL,Geflügelfarm Welbsleben G - 17,,,0,5,NULL,NULL,48423,33,1,IP00011GW0278467,W2-375-26-01,0.00,0,NULL,2026-06-18 06:27:09.700,3,2026-06-18 07:23:47.303,NULL,Geflügelfarm Welbsleben G - 17,2-DE-1500602,2026-06-18 09:55:25.230,2026-06-18 10:05:21.560,0,0,0,33,1,NULL,0,0,0,0,48423,46898,387928,46898,13,104,6584.11,NULL,NULL,NULL,NULL,0.00,Dirt,104,6584.11,NULL,NULL,0.00,Dirt
33,NULL,Geflügelfarm Welbsleben G - 17,,,0,5,NULL,NULL,48423,33,1,IP00011GW0278467,W2-375-26-01,0.00,0,NULL,2026-06-18 06:27:09.700,3,2026-06-18 07:23:47.303,NULL,Geflügelfarm Welbsleben G - 17,2-DE-1500602,2026-06-18 09:55:25.230,2026-06-18 10:05:21.560,0,0,0,33,1,NULL,0,0,0,0,48423,46898,387929,46898,14,40,2546.87,NULL,NULL,NULL,NULL,0.00,Leakr,40,2546.87,NULL,NULL,0.00,Leakr
33,NULL,Geflügelfarm Welbsleben G - 17,,,0,5,NULL,NULL,48423,33,1,IP00011GW0278467,W2-375-26-01,0.00,0,NULL,2026-06-18 06:27:09.700,3,2026-06-18 07:23:47.303,NULL,Geflügelfarm Welbsleben G - 17,2-DE-1500602,2026-06-18 09:55:25.230,2026-06-18 10:05:21.560,0,0,0,33,1,NULL,0,0,0,0,48423,46898,387930,46898,15,0,0.00,NULL,NULL,NULL,NULL,0.00,Blood,0,0.00,NULL,NULL,0.00,Blood
33,NULL,Geflügelfarm Welbsleben G - 17,,,0,5,NULL,NULL,48424,33,1,IP00011GW0278468,W2-375-26-02,0.00,0,NULL,2026-06-18 07:08:41.553,3,2026-06-18 07:29:58.010,NULL,Geflügelfarm Welbsleben G - 17,2-DE-1500602,2026-06-18 10:05:21.560,2026-06-18 10:10:27.760,0,0,0,33,1,NULL,0,0,0,0,48424,46899,387931,46899,0,2,167.36,0,0.00,0,0.00,83.00,XXL,279,21067.89,0,0.00,73.00,XLarg
33,NULL,Geflügelfarm Welbsleben G - 17,,,0,5,NULL,NULL,48424,33,1,IP00011GW0278468,W2-375-26-02,0.00,0,NULL,2026-06-18 07:08:41.553,3,2026-06-18 07:29:58.010,NULL,Geflügelfarm Welbsleben G - 17,2-DE-1500602,2026-06-18 10:05:21.560,2026-06-18 10:10:27.760,0,0,0,33,1,NULL,0,0,0,0,48424,46899,387932,46899,1,277,20900.53,0,0.00,0,0.00,73.00,XLarg,3040,203047.90,0,0.00,63.00,Large
33,NULL,Geflügelfarm Welbsleben G - 17,,,0,5,NULL,NULL,48424,33,1,IP00011GW0278468,W2-375-26-02,0.00,0,NULL,2026-06-18 07:08:41.553,3,2026-06-18 07:29:58.010,NULL,Geflügelfarm Welbsleben G - 17,2-DE-1500602,2026-06-18 10:05:21.560,2026-06-18 10:10:27.760,0,0,0,33,1,NULL,0,0,0,0,48424,46899,387933,46899,2,3040,203047.90,0,0.00,0,0.00,63.00,Large,2130,127562.82,0,0.00,53.00,Medi
33,NULL,Geflügelfarm Welbsleben G - 17,,,0,5,NULL,NULL,48424,33,1,IP00011GW0278468,W2-375-26-02,0.00,0,NULL,2026-06-18 07:08:41.553,3,2026-06-18 07:29:58.010,NULL,Geflügelfarm Welbsleben G - 17,2-DE-1500602,2026-06-18 10:05:21.560,2026-06-18 10:10:27.760,0,0,0,33,1,NULL,0,0,0,0,48424,46899,387934,46899,3,2130,127562.82,0,0.00,0,0.00,53.00,Medi,33,1636.66,0,0.00,0.00,Small
33,NULL,Geflügelfarm Welbsleben G - 17,,,0,5,NULL,NULL,48424,33,1,IP00011GW0278468,W2-375-26-02,0.00,0,NULL,2026-06-18 07:08:41.553,3,2026-06-18 07:29:58.010,NULL,Geflügelfarm Welbsleben G - 17,2-DE-1500602,2026-06-18 10:05:21.560,2026-06-18 10:10:27.760,0,0,0,33,1,NULL,0,0,0,0,48424,46899,387935,46899,4,33,1636.66,0,0.00,0,0.00,0.00,Small,0,0.00,0,0.00,0.00,
33,NULL,Geflügelfarm Welbsleben G - 17,,,0,5,NULL,NULL,48424,33,1,IP00011GW0278468,W2-375-26-02,0.00,0,NULL,2026-06-18 07:08:41.553,3,2026-06-18 07:29:58.010,NULL,Geflügelfarm Welbsleben G - 17,2-DE-1500602,2026-06-18 10:05:21.560,2026-06-18 10:10:27.760,0,0,0,33,1,NULL,0,0,0,0,48424,46899,387936,46899,11,0,0.00,NULL,NULL,NULL,NULL,0.00,Reject,0,0.00,NULL,NULL,0.00,Reject
33,NULL,Geflügelfarm Welbsleben G - 17,,,0,5,NULL,NULL,48424,33,1,IP00011GW0278468,W2-375-26-02,0.00,0,NULL,2026-06-18 07:08:41.553,3,2026-06-18 07:29:58.010,NULL,Geflügelfarm Welbsleben G - 17,2-DE-1500602,2026-06-18 10:05:21.560,2026-06-18 10:10:27.760,0,0,0,33,1,NULL,0,0,0,0,48424,46899,387937,46899,12,133,8728.88,NULL,NULL,NULL,NULL,0.00,Crack,133,8728.88,NULL,NULL,0.00,Crack
33,NULL,Geflügelfarm Welbsleben G - 17,,,0,5,NULL,NULL,48424,33,1,IP00011GW0278468,W2-375-26-02,0.00,0,NULL,2026-06-18 07:08:41.553,3,2026-06-18 07:29:58.010,NULL,Geflügelfarm Welbsleben G - 17,2-DE-1500602,2026-06-18 10:05:21.560,2026-06-18 10:10:27.760,0,0,0,33,1,NULL,0,0,0,0,48424,46899,387938,46899,13,29,1872.45,NULL,NULL,NULL,NULL,0.00,Dirt,29,1872.45,NULL,NULL,0.00,Dirt
33,NULL,Geflügelfarm Welbsleben G - 17,,,0,5,NULL,NULL,48424,33,1,IP00011GW0278468,W2-375-26-02,0.00,0,NULL,2026-06-18 07:08:41.553,3,2026-06-18 07:29:58.010,NULL,Geflügelfarm Welbsleben G - 17,2-DE-1500602,2026-06-18 10:05:21.560,2026-06-18 10:10:27.760,0,0,0,33,1,NULL,0,0,0,0,48424,46899,387939,46899,14,15,966.33,NULL,NULL,NULL,NULL,0.00,Leakr,15,966.33,NULL,NULL,0.00,Leakr
33,NULL,Geflügelfarm Welbsleben G - 17,,,0,5,NULL,NULL,48424,33,1,IP00011GW0278468,W2-375-26-02,0.00,0,NULL,2026-06-18 07:08:41.553,3,2026-06-18 07:29:58.010,NULL,Geflügelfarm Welbsleben G - 17,2-DE-1500602,2026-06-18 10:05:21.560,2026-06-18 10:10:27.760,0,0,0,33,1,NULL,0,0,0,0,48424,46899,387940,46899,15,0,0.00,NULL,NULL,NULL,NULL,0.00,Blood,0,0.00,NULL,NULL,0.00,Blood
45,NULL,Geflügel Siemers Steinfel - 13,,,0,5,NULL,NULL,48425,45,1,IP00011GW0278256,GS-B364-26-09,0.00,0,NULL,2026-06-18 07:21:07.697,3,2026-06-18 07:41:29.120,NULL,Geflügel Siemers Steinfel - 13,2-DE-1504111,2026-06-18 10:10:27.760,2026-06-18 10:20:40.830,0,0,0,45,1,NULL,0,0,0,0,48425,46900,387941,46900,0,0,0.00,0,0.00,0,0.00,83.00,XXL,138,10371.82,0,0.00,73.00,XLarg
45,NULL,Geflügel Siemers Steinfel - 13,,,0,5,NULL,NULL,48425,45,1,IP00011GW0278256,GS-B364-26-09,0.00,0,NULL,2026-06-18 07:21:07.697,3,2026-06-18 07:41:29.120,NULL,Geflügel Siemers Steinfel - 13,2-DE-1504111,2026-06-18 10:10:27.760,2026-06-18 10:20:40.830,0,0,0,45,1,NULL,0,0,0,0,48425,46900,387942,46900,1,138,10371.82,0,0.00,0,0.00,73.20,XLarg,149,10146.50,0,0.00,63.00,Large
45,NULL,Geflügel Siemers Steinfel - 13,,,0,5,NULL,NULL,48425,45,1,IP00011GW0278256,GS-B364-26-09,0.00,0,NULL,2026-06-18 07:21:07.697,3,2026-06-18 07:41:29.120,NULL,Geflügel Siemers Steinfel - 13,2-DE-1504111,2026-06-18 10:10:27.760,2026-06-18 10:20:40.830,0,0,0,45,1,NULL,0,0,0,0,48425,46900,387943,46900,2,206,13725.79,0,0.00,0,0.00,62.70,Large,9660,570990.57,0,0.00,53.00,Medi
45,NULL,Geflügel Siemers Steinfel - 13,,,0,5,NULL,NULL,48425,45,1,IP00011GW0278256,GS-B364-26-09,0.00,0,NULL,2026-06-18 07:21:07.697,3,2026-06-18 07:41:29.120,NULL,Geflügel Siemers Steinfel - 13,2-DE-1504111,2026-06-18 10:10:27.760,2026-06-18 10:20:40.830,0,0,0,45,1,NULL,0,0,0,0,48425,46900,387944,46900,3,9603,567411.28,0,0.00,0,0.00,53.00,Medi,449,22938.39,0,0.00,0.00,Small
45,NULL,Geflügel Siemers Steinfel - 13,,,0,5,NULL,NULL,48425,45,1,IP00011GW0278256,GS-B364-26-09,0.00,0,NULL,2026-06-18 07:21:07.697,3,2026-06-18 07:41:29.120,NULL,Geflügel Siemers Steinfel - 13,2-DE-1504111,2026-06-18 10:10:27.760,2026-06-18 10:20:40.830,0,0,0,45,1,NULL,0,0,0,0,48425,46900,387945,46900,4,449,22938.39,0,0.00,0,0.00,0.00,Small,0,0.00,0,0.00,0.00,
45,NULL,Geflügel Siemers Steinfel - 13,,,0,5,NULL,NULL,48425,45,1,IP00011GW0278256,GS-B364-26-09,0.00,0,NULL,2026-06-18 07:21:07.697,3,2026-06-18 07:41:29.120,NULL,Geflügel Siemers Steinfel - 13,2-DE-1504111,2026-06-18 10:10:27.760,2026-06-18 10:20:40.830,0,0,0,45,1,NULL,0,0,0,0,48425,46900,387946,46900,11,0,0.00,NULL,NULL,NULL,NULL,0.00,Reject,0,0.00,NULL,NULL,0.00,Reject
45,NULL,Geflügel Siemers Steinfel - 13,,,0,5,NULL,NULL,48425,45,1,IP00011GW0278256,GS-B364-26-09,0.00,0,NULL,2026-06-18 07:21:07.697,3,2026-06-18 07:41:29.120,NULL,Geflügel Siemers Steinfel - 13,2-DE-1504111,2026-06-18 10:10:27.760,2026-06-18 10:20:40.830,0,0,0,45,1,NULL,0,0,0,0,48425,46900,387947,46900,12,211,12235.89,NULL,NULL,NULL,NULL,0.00,Crack,211,12235.89,NULL,NULL,0.00,Crack
45,NULL,Geflügel Siemers Steinfel - 13,,,0,5,NULL,NULL,48425,45,1,IP00011GW0278256,GS-B364-26-09,0.00,0,NULL,2026-06-18 07:21:07.697,3,2026-06-18 07:41:29.120,NULL,Geflügel Siemers Steinfel - 13,2-DE-1504111,2026-06-18 10:10:27.760,2026-06-18 10:20:40.830,0,0,0,45,1,NULL,0,0,0,0,48425,46900,387948,46900,13,45,2668.43,NULL,NULL,NULL,NULL,0.00,Dirt,45,2668.43,NULL,NULL,0.00,Dirt
45,NULL,Geflügel Siemers Steinfel - 13,,,0,5,NULL,NULL,48425,45,1,IP00011GW0278256,GS-B364-26-09,0.00,0,NULL,2026-06-18 07:21:07.697,3,2026-06-18 07:41:29.120,NULL,Geflügel Siemers Steinfel - 13,2-DE-1504111,2026-06-18 10:10:27.760,2026-06-18 10:20:40.830,0,0,0,45,1,NULL,0,0,0,0,48425,46900,387949,46900,14,54,3184.73,NULL,NULL,NULL,NULL,0.00,Leakr,54,3184.73,NULL,NULL,0.00,Leakr
45,NULL,Geflügel Siemers Steinfel - 13,,,0,5,NULL,NULL,48425,45,1,IP00011GW0278256,GS-B364-26-09,0.00,0,NULL,2026-06-18 07:21:07.697,3,2026-06-18 07:41:29.120,NULL,Geflügel Siemers Steinfel - 13,2-DE-1504111,2026-06-18 10:10:27.760,2026-06-18 10:20:40.830,0,0,0,45,1,NULL,0,0,0,0,48425,46900,387950,46900,15,0,0.00,NULL,NULL,NULL,NULL,0.00,Blood,0,0.00,NULL,NULL,0.00,Blood
46,NULL,Geflügel Siemers Steinfel - 15,,,0,5,NULL,NULL,48426,46,1,IP00011GW0278362,GS-B366-26-06,0.00,0,NULL,2026-06-18 07:24:46.820,3,2026-06-18 07:50:27.513,NULL,Geflügel Siemers Steinfel - 15,2-DE-1504113,2026-06-18 10:20:40.830,2026-06-18 10:32:01.260,0,0,0,46,1,NULL,0,0,0,0,48426,46901,387951,46901,0,0,0.00,0,0.00,0,0.00,83.00,XXL,160,12033.72,0,0.00,73.00,XLarg
46,NULL,Geflügel Siemers Steinfel - 15,,,0,5,NULL,NULL,48426,46,1,IP00011GW0278362,GS-B366-26-06,0.00,0,NULL,2026-06-18 07:24:46.820,3,2026-06-18 07:50:27.513,NULL,Geflügel Siemers Steinfel - 15,2-DE-1504113,2026-06-18 10:20:40.830,2026-06-18 10:32:01.260,0,0,0,46,1,NULL,0,0,0,0,48426,46901,387952,46901,1,147,11083.44,0,0.00,0,0.00,73.20,XLarg,3917,259797.75,0,0.00,63.00,Large
46,NULL,Geflügel Siemers Steinfel - 15,,,0,5,NULL,NULL,48426,46,1,IP00011GW0278362,GS-B366-26-06,0.00,0,NULL,2026-06-18 07:24:46.820,3,2026-06-18 07:50:27.513,NULL,Geflügel Siemers Steinfel - 15,2-DE-1504113,2026-06-18 10:20:40.830,2026-06-18 10:32:01.260,0,0,0,46,1,NULL,0,0,0,0,48426,46901,387953,46901,2,4183,276649.65,0,0.00,0,0.00,62.70,Large,5915,350480.24,0,0.00,53.00,Medi
46,NULL,Geflügel Siemers Steinfel - 15,,,0,5,NULL,NULL,48426,46,1,IP00011GW0278362,GS-B366-26-06,0.00,0,NULL,2026-06-18 07:24:46.820,3,2026-06-18 07:50:27.513,NULL,Geflügel Siemers Steinfel - 15,2-DE-1504113,2026-06-18 10:20:40.830,2026-06-18 10:32:01.260,0,0,0,46,1,NULL,0,0,0,0,48426,46901,387954,46901,3,5662,334578.62,0,0.00,0,0.00,53.00,Medi,208,10606.57,0,0.00,0.00,Small
46,NULL,Geflügel Siemers Steinfel - 15,,,0,5,NULL,NULL,48426,46,1,IP00011GW0278362,GS-B366-26-06,0.00,0,NULL,2026-06-18 07:24:46.820,3,2026-06-18 07:50:27.513,NULL,Geflügel Siemers Steinfel - 15,2-DE-1504113,2026-06-18 10:20:40.830,2026-06-18 10:32:01.260,0,0,0,46,1,NULL,0,0,0,0,48426,46901,387955,46901,4,208,10606.57,0,0.00,0,0.00,0.00,Small,0,0.00,0,0.00,0.00,
46,NULL,Geflügel Siemers Steinfel - 15,,,0,5,NULL,NULL,48426,46,1,IP00011GW0278362,GS-B366-26-06,0.00,0,NULL,2026-06-18 07:24:46.820,3,2026-06-18 07:50:27.513,NULL,Geflügel Siemers Steinfel - 15,2-DE-1504113,2026-06-18 10:20:40.830,2026-06-18 10:32:01.260,0,0,0,46,1,NULL,0,0,0,0,48426,46901,387956,46901,11,0,0.00,NULL,NULL,NULL,NULL,0.00,Reject,0,0.00,NULL,NULL,0.00,Reject
46,NULL,Geflügel Siemers Steinfel - 15,,,0,5,NULL,NULL,48426,46,1,IP00011GW0278362,GS-B366-26-06,0.00,0,NULL,2026-06-18 07:24:46.820,3,2026-06-18 07:50:27.513,NULL,Geflügel Siemers Steinfel - 15,2-DE-1504113,2026-06-18 10:20:40.830,2026-06-18 10:32:01.260,0,0,0,46,1,NULL,0,0,0,0,48426,46901,387957,46901,12,385,23585.58,NULL,NULL,NULL,NULL,0.00,Crack,385,23585.58,NULL,NULL,0.00,Crack
46,NULL,Geflügel Siemers Steinfel - 15,,,0,5,NULL,NULL,48426,46,1,IP00011GW0278362,GS-B366-26-06,0.00,0,NULL,2026-06-18 07:24:46.820,3,2026-06-18 07:50:27.513,NULL,Geflügel Siemers Steinfel - 15,2-DE-1504113,2026-06-18 10:20:40.830,2026-06-18 10:32:01.260,0,0,0,46,1,NULL,0,0,0,0,48426,46901,387958,46901,13,51,3153.86,NULL,NULL,NULL,NULL,0.00,Dirt,51,3153.86,NULL,NULL,0.00,Dirt
46,NULL,Geflügel Siemers Steinfel - 15,,,0,5,NULL,NULL,48426,46,1,IP00011GW0278362,GS-B366-26-06,0.00,0,NULL,2026-06-18 07:24:46.820,3,2026-06-18 07:50:27.513,NULL,Geflügel Siemers Steinfel - 15,2-DE-1504113,2026-06-18 10:20:40.830,2026-06-18 10:32:01.260,0,0,0,46,1,NULL,0,0,0,0,48426,46901,387959,46901,14,123,7609.92,NULL,NULL,NULL,NULL,0.00,Leakr,123,7609.92,NULL,NULL,0.00,Leakr
46,NULL,Geflügel Siemers Steinfel - 15,,,0,5,NULL,NULL,48426,46,1,IP00011GW0278362,GS-B366-26-06,0.00,0,NULL,2026-06-18 07:24:46.820,3,2026-06-18 07:50:27.513,NULL,Geflügel Siemers Steinfel - 15,2-DE-1504113,2026-06-18 10:20:40.830,2026-06-18 10:32:01.260,0,0,0,46,1,NULL,0,0,0,0,48426,46901,387960,46901,15,3,202.40,NULL,NULL,NULL,NULL,0.00,Blood,3,202.40,NULL,NULL,0.00,Blood
46,NULL,Geflügel Siemers Steinfel - 15,,,0,5,NULL,NULL,48427,46,1,IP00011GW0278359,GS-B366-26-07,0.00,0,NULL,2026-06-18 07:29:55.540,3,2026-06-18 08:01:28.317,NULL,Geflügel Siemers Steinfel - 15,2-DE-1504113,2026-06-18 10:32:01.260,2026-06-18 10:43:02.040,0,0,0,46,1,NULL,0,0,0,0,48427,46902,387961,46902,0,0,0.00,0,0.00,0,0.00,83.00,XXL,131,9844.75,0,0.00,73.00,XLarg
46,NULL,Geflügel Siemers Steinfel - 15,,,0,5,NULL,NULL,48427,46,1,IP00011GW0278359,GS-B366-26-07,0.00,0,NULL,2026-06-18 07:29:55.540,3,2026-06-18 08:01:28.317,NULL,Geflügel Siemers Steinfel - 15,2-DE-1504113,2026-06-18 10:32:01.260,2026-06-18 10:43:02.040,0,0,0,46,1,NULL,0,0,0,0,48427,46902,387962,46902,1,114,8601.72,0,0.00,0,0.00,73.20,XLarg,3928,260491.58,0,0.00,63.00,Large
46,NULL,Geflügel Siemers Steinfel - 15,,,0,5,NULL,NULL,48427,46,1,IP00011GW0278359,GS-B366-26-07,0.00,0,NULL,2026-06-18 07:29:55.540,3,2026-06-18 08:01:28.317,NULL,Geflügel Siemers Steinfel - 15,2-DE-1504113,2026-06-18 10:32:01.260,2026-06-18 10:43:02.040,0,0,0,46,1,NULL,0,0,0,0,48427,46902,387963,46902,2,4172,275998.72,0,0.00,0,0.00,62.70,Large,5904,349194.31,0,0.00,53.00,Medi
46,NULL,Geflügel Siemers Steinfel - 15,,,0,5,NULL,NULL,48427,46,1,IP00011GW0278359,GS-B366-26-07,0.00,0,NULL,2026-06-18 07:29:55.540,3,2026-06-18 08:01:28.317,NULL,Geflügel Siemers Steinfel - 15,2-DE-1504113,2026-06-18 10:32:01.260,2026-06-18 10:43:02.040,0,0,0,46,1,NULL,0,0,0,0,48427,46902,387964,46902,3,5677,334930.20,0,0.00,0,0.00,53.00,Medi,206,10549.23,0,0.00,0.00,Small
46,NULL,Geflügel Siemers Steinfel - 15,,,0,5,NULL,NULL,48427,46,1,IP00011GW0278359,GS-B366-26-07,0.00,0,NULL,2026-06-18 07:29:55.540,3,2026-06-18 08:01:28.317,NULL,Geflügel Siemers Steinfel - 15,2-DE-1504113,2026-06-18 10:32:01.260,2026-06-18 10:43:02.040,0,0,0,46,1,NULL,0,0,0,0,48427,46902,387965,46902,4,206,10549.23,0,0.00,0,0.00,0.00,Small,0,0.00,0,0.00,0.00,
46,NULL,Geflügel Siemers Steinfel - 15,,,0,5,NULL,NULL,48427,46,1,IP00011GW0278359,GS-B366-26-07,0.00,0,NULL,2026-06-18 07:29:55.540,3,2026-06-18 08:01:28.317,NULL,Geflügel Siemers Steinfel - 15,2-DE-1504113,2026-06-18 10:32:01.260,2026-06-18 10:43:02.040,0,0,0,46,1,NULL,0,0,0,0,48427,46902,387966,46902,11,0,0.00,NULL,NULL,NULL,NULL,0.00,Reject,0,0.00,NULL,NULL,0.00,Reject
46,NULL,Geflügel Siemers Steinfel - 15,,,0,5,NULL,NULL,48427,46,1,IP00011GW0278359,GS-B366-26-07,0.00,0,NULL,2026-06-18 07:29:55.540,3,2026-06-18 08:01:28.317,NULL,Geflügel Siemers Steinfel - 15,2-DE-1504113,2026-06-18 10:32:01.260,2026-06-18 10:43:02.040,0,0,0,46,1,NULL,0,0,0,0,48427,46902,387967,46902,12,443,27222.06,NULL,NULL,NULL,NULL,0.00,Crack,443,27222.06,NULL,NULL,0.00,Crack
46,NULL,Geflügel Siemers Steinfel - 15,,,0,5,NULL,NULL,48427,46,1,IP00011GW0278359,GS-B366-26-07,0.00,0,NULL,2026-06-18 07:29:55.540,3,2026-06-18 08:01:28.317,NULL,Geflügel Siemers Steinfel - 15,2-DE-1504113,2026-06-18 10:32:01.260,2026-06-18 10:43:02.040,0,0,0,46,1,NULL,0,0,0,0,48427,46902,387968,46902,13,43,2621.50,NULL,NULL,NULL,NULL,0.00,Dirt,43,2621.50,NULL,NULL,0.00,Dirt
46,NULL,Geflügel Siemers Steinfel - 15,,,0,5,NULL,NULL,48427,46,1,IP00011GW0278359,GS-B366-26-07,0.00,0,NULL,2026-06-18 07:29:55.540,3,2026-06-18 08:01:28.317,NULL,Geflügel Siemers Steinfel - 15,2-DE-1504113,2026-06-18 10:32:01.260,2026-06-18 10:43:02.040,0,0,0,46,1,NULL,0,0,0,0,48427,46902,387969,46902,14,106,6559.25,NULL,NULL,NULL,NULL,0.00,Leakr,106,6559.25,NULL,NULL,0.00,Leakr
46,NULL,Geflügel Siemers Steinfel - 15,,,0,5,NULL,NULL,48427,46,1,IP00011GW0278359,GS-B366-26-07,0.00,0,NULL,2026-06-18 07:29:55.540,3,2026-06-18 08:01:28.317,NULL,Geflügel Siemers Steinfel - 15,2-DE-1504113,2026-06-18 10:32:01.260,2026-06-18 10:43:02.040,0,0,0,46,1,NULL,0,0,0,0,48427,46902,387970,46902,15,5,306.12,NULL,NULL,NULL,NULL,0.00,Blood,5,306.12,NULL,NULL,0.00,Blood
44,NULL,Geflügel Siemers Steinfel - 14,,,0,5,NULL,NULL,48428,44,1,IP00011GW0278439,GS-B368-26-05,0.00,0,NULL,2026-06-18 07:50:48.453,3,2026-06-18 08:11:42.320,NULL,Geflügel Siemers Steinfel - 14,2-DE-1504112,2026-06-18 10:43:02.040,2026-06-18 10:53:16.310,0,0,0,44,1,NULL,0,0,0,0,48428,46903,387971,46903,0,0,0.00,0,0.00,0,0.00,83.00,XXL,622,46826.05,0,0.00,73.00,XLarg
44,NULL,Geflügel Siemers Steinfel - 14,,,0,5,NULL,NULL,48428,44,1,IP00011GW0278439,GS-B368-26-05,0.00,0,NULL,2026-06-18 07:50:48.453,3,2026-06-18 08:11:42.320,NULL,Geflügel Siemers Steinfel - 14,2-DE-1504112,2026-06-18 10:43:02.040,2026-06-18 10:53:16.310,0,0,0,44,1,NULL,0,0,0,0,48428,46903,387972,46903,1,575,43390.83,0,0.00,0,0.00,73.20,XLarg,230,16105.94,0,0.00,63.00,Large
44,NULL,Geflügel Siemers Steinfel - 14,,,0,5,NULL,NULL,48428,44,1,IP00011GW0278439,GS-B368-26-05,0.00,0,NULL,2026-06-18 07:50:48.453,3,2026-06-18 08:11:42.320,NULL,Geflügel Siemers Steinfel - 14,2-DE-1504112,2026-06-18 10:43:02.040,2026-06-18 10:53:16.310,0,0,0,44,1,NULL,0,0,0,0,48428,46903,387973,46903,2,410,27896.95,0,0.00,0,0.00,62.70,Large,9059,536882.41,0,0.00,53.00,Medi
44,NULL,Geflügel Siemers Steinfel - 14,,,0,5,NULL,NULL,48428,44,1,IP00011GW0278439,GS-B368-26-05,0.00,0,NULL,2026-06-18 07:50:48.453,3,2026-06-18 08:11:42.320,NULL,Geflügel Siemers Steinfel - 14,2-DE-1504112,2026-06-18 10:43:02.040,2026-06-18 10:53:16.310,0,0,0,44,1,NULL,0,0,0,0,48428,46903,387974,46903,3,8926,528526.62,0,0.00,0,0.00,53.00,Medi,502,25734.67,0,0.00,0.00,Small
44,NULL,Geflügel Siemers Steinfel - 14,,,0,5,NULL,NULL,48428,44,1,IP00011GW0278439,GS-B368-26-05,0.00,0,NULL,2026-06-18 07:50:48.453,3,2026-06-18 08:11:42.320,NULL,Geflügel Siemers Steinfel - 14,2-DE-1504112,2026-06-18 10:43:02.040,2026-06-18 10:53:16.310,0,0,0,44,1,NULL,0,0,0,0,48428,46903,387975,46903,4,502,25734.67,0,0.00,0,0.00,0.00,Small,0,0.00,0,0.00,0.00,
44,NULL,Geflügel Siemers Steinfel - 14,,,0,5,NULL,NULL,48428,44,1,IP00011GW0278439,GS-B368-26-05,0.00,0,NULL,2026-06-18 07:50:48.453,3,2026-06-18 08:11:42.320,NULL,Geflügel Siemers Steinfel - 14,2-DE-1504112,2026-06-18 10:43:02.040,2026-06-18 10:53:16.310,0,0,0,44,1,NULL,0,0,0,0,48428,46903,387976,46903,11,0,0.00,NULL,NULL,NULL,NULL,0.00,Reject,0,0.00,NULL,NULL,0.00,Reject
44,NULL,Geflügel Siemers Steinfel - 14,,,0,5,NULL,NULL,48428,44,1,IP00011GW0278439,GS-B368-26-05,0.00,0,NULL,2026-06-18 07:50:48.453,3,2026-06-18 08:11:42.320,NULL,Geflügel Siemers Steinfel - 14,2-DE-1504112,2026-06-18 10:43:02.040,2026-06-18 10:53:16.310,0,0,0,44,1,NULL,0,0,0,0,48428,46903,387977,46903,12,280,16665.11,NULL,NULL,NULL,NULL,0.00,Crack,280,16665.11,NULL,NULL,0.00,Crack
44,NULL,Geflügel Siemers Steinfel - 14,,,0,5,NULL,NULL,48428,44,1,IP00011GW0278439,GS-B368-26-05,0.00,0,NULL,2026-06-18 07:50:48.453,3,2026-06-18 08:11:42.320,NULL,Geflügel Siemers Steinfel - 14,2-DE-1504112,2026-06-18 10:43:02.040,2026-06-18 10:53:16.310,0,0,0,44,1,NULL,0,0,0,0,48428,46903,387978,46903,13,41,2378.82,NULL,NULL,NULL,NULL,0.00,Dirt,41,2378.82,NULL,NULL,0.00,Dirt
44,NULL,Geflügel Siemers Steinfel - 14,,,0,5,NULL,NULL,48428,44,1,IP00011GW0278439,GS-B368-26-05,0.00,0,NULL,2026-06-18 07:50:48.453,3,2026-06-18 08:11:42.320,NULL,Geflügel Siemers Steinfel - 14,2-DE-1504112,2026-06-18 10:43:02.040,2026-06-18 10:53:16.310,0,0,0,44,1,NULL,0,0,0,0,48428,46903,387979,46903,14,29,1742.20,NULL,NULL,NULL,NULL,0.00,Leakr,29,1742.20,NULL,NULL,0.00,Leakr
44,NULL,Geflügel Siemers Steinfel - 14,,,0,5,NULL,NULL,48428,44,1,IP00011GW0278439,GS-B368-26-05,0.00,0,NULL,2026-06-18 07:50:48.453,3,2026-06-18 08:11:42.320,NULL,Geflügel Siemers Steinfel - 14,2-DE-1504112,2026-06-18 10:43:02.040,2026-06-18 10:53:16.310,0,0,0,44,1,NULL,0,0,0,0,48428,46903,387980,46903,15,0,0.00,NULL,NULL,NULL,NULL,0.00,Blood,0,0.00,NULL,NULL,0.00,Blood
46,NULL,Geflügel Siemers Steinfel - 15,,,0,5,NULL,NULL,48429,46,1,IP00011GW0278440,GS-B368-26-07,0.00,0,NULL,2026-06-18 07:55:38.150,3,2026-06-18 08:21:45.790,NULL,Geflügel Siemers Steinfel - 15,2-DE-1504113,2026-06-18 10:53:16.310,2026-06-18 11:03:17.880,0,0,0,46,1,NULL,0,0,0,0,48429,46904,387981,46904,0,0,0.00,0,0.00,0,0.00,83.00,XXL,171,12884.47,0,0.00,73.00,XLarg
46,NULL,Geflügel Siemers Steinfel - 15,,,0,5,NULL,NULL,48429,46,1,IP00011GW0278440,GS-B368-26-07,0.00,0,NULL,2026-06-18 07:55:38.150,3,2026-06-18 08:21:45.790,NULL,Geflügel Siemers Steinfel - 15,2-DE-1504113,2026-06-18 10:53:16.310,2026-06-18 11:03:17.880,0,0,0,46,1,NULL,0,0,0,0,48429,46904,387982,46904,1,157,11860.91,0,0.00,0,0.00,73.20,XLarg,3902,258618.86,0,0.00,63.00,Large
46,NULL,Geflügel Siemers Steinfel - 15,,,0,5,NULL,NULL,48429,46,1,IP00011GW0278440,GS-B368-26-07,0.00,0,NULL,2026-06-18 07:55:38.150,3,2026-06-18 08:21:45.790,NULL,Geflügel Siemers Steinfel - 15,2-DE-1504113,2026-06-18 10:53:16.310,2026-06-18 11:03:17.880,0,0,0,46,1,NULL,0,0,0,0,48429,46904,387983,46904,2,4195,277176.61,0,0.00,0,0.00,62.70,Large,5815,344343.73,0,0.00,53.00,Medi
46,NULL,Geflügel Siemers Steinfel - 15,,,0,5,NULL,NULL,48429,46,1,IP00011GW0278440,GS-B368-26-07,0.00,0,NULL,2026-06-18 07:55:38.150,3,2026-06-18 08:21:45.790,NULL,Geflügel Siemers Steinfel - 15,2-DE-1504113,2026-06-18 10:53:16.310,2026-06-18 11:03:17.880,0,0,0,46,1,NULL,0,0,0,0,48429,46904,387984,46904,3,5536,326809.54,0,0.00,0,0.00,53.00,Medi,198,10180.06,0,0.00,0.00,Small
46,NULL,Geflügel Siemers Steinfel - 15,,,0,5,NULL,NULL,48429,46,1,IP00011GW0278440,GS-B368-26-07,0.00,0,NULL,2026-06-18 07:55:38.150,3,2026-06-18 08:21:45.790,NULL,Geflügel Siemers Steinfel - 15,2-DE-1504113,2026-06-18 10:53:16.310,2026-06-18 11:03:17.880,0,0,0,46,1,NULL,0,0,0,0,48429,46904,387985,46904,4,198,10180.06,0,0.00,0,0.00,0.00,Small,0,0.00,0,0.00,0.00,
46,NULL,Geflügel Siemers Steinfel - 15,,,0,5,NULL,NULL,48429,46,1,IP00011GW0278440,GS-B368-26-07,0.00,0,NULL,2026-06-18 07:55:38.150,3,2026-06-18 08:21:45.790,NULL,Geflügel Siemers Steinfel - 15,2-DE-1504113,2026-06-18 10:53:16.310,2026-06-18 11:03:17.880,0,0,0,46,1,NULL,0,0,0,0,48429,46904,387986,46904,11,0,0.00,NULL,NULL,NULL,NULL,0.00,Reject,0,0.00,NULL,NULL,0.00,Reject
46,NULL,Geflügel Siemers Steinfel - 15,,,0,5,NULL,NULL,48429,46,1,IP00011GW0278440,GS-B368-26-07,0.00,0,NULL,2026-06-18 07:55:38.150,3,2026-06-18 08:21:45.790,NULL,Geflügel Siemers Steinfel - 15,2-DE-1504113,2026-06-18 10:53:16.310,2026-06-18 11:03:17.880,0,0,0,46,1,NULL,0,0,0,0,48429,46904,387987,46904,12,502,31413.62,NULL,NULL,NULL,NULL,0.00,Crack,502,31413.62,NULL,NULL,0.00,Crack
46,NULL,Geflügel Siemers Steinfel - 15,,,0,5,NULL,NULL,48429,46,1,IP00011GW0278440,GS-B368-26-07,0.00,0,NULL,2026-06-18 07:55:38.150,3,2026-06-18 08:21:45.790,NULL,Geflügel Siemers Steinfel - 15,2-DE-1504113,2026-06-18 10:53:16.310,2026-06-18 11:03:17.880,0,0,0,46,1,NULL,0,0,0,0,48429,46904,387988,46904,13,64,3898.13,NULL,NULL,NULL,NULL,0.00,Dirt,64,3898.13,NULL,NULL,0.00,Dirt
46,NULL,Geflügel Siemers Steinfel - 15,,,0,5,NULL,NULL,48429,46,1,IP00011GW0278440,GS-B368-26-07,0.00,0,NULL,2026-06-18 07:55:38.150,3,2026-06-18 08:21:45.790,NULL,Geflügel Siemers Steinfel - 15,2-DE-1504113,2026-06-18 10:53:16.310,2026-06-18 11:03:17.880,0,0,0,46,1,NULL,0,0,0,0,48429,46904,387989,46904,14,128,7935.18,NULL,NULL,NULL,NULL,0.00,Leakr,128,7935.18,NULL,NULL,0.00,Leakr
46,NULL,Geflügel Siemers Steinfel - 15,,,0,5,NULL,NULL,48429,46,1,IP00011GW0278440,GS-B368-26-07,0.00,0,NULL,2026-06-18 07:55:38.150,3,2026-06-18 08:21:45.790,NULL,Geflügel Siemers Steinfel - 15,2-DE-1504113,2026-06-18 10:53:16.310,2026-06-18 11:03:17.880,0,0,0,46,1,NULL,0,0,0,0,48429,46904,387990,46904,15,2,129.10,NULL,NULL,NULL,NULL,0.00,Blood,2,129.10,NULL,NULL,0.00,Blood
46,NULL,Geflügel Siemers Steinfel - 15,,,0,5,NULL,NULL,48430,46,1,IP00011GW0278433,GS-B368-26-06,0.00,0,NULL,2026-06-18 08:08:09.253,3,2026-06-18 08:31:41.037,NULL,Geflügel Siemers Steinfel - 15,2-DE-1504113,2026-06-18 11:03:17.880,2026-06-18 11:13:14.630,0,0,0,46,1,NULL,0,0,0,0,48430,46905,387991,46905,0,0,0.00,0,0.00,0,0.00,83.00,XXL,130,9742.67,0,0.00,73.00,XLarg
46,NULL,Geflügel Siemers Steinfel - 15,,,0,5,NULL,NULL,48430,46,1,IP00011GW0278433,GS-B368-26-06,0.00,0,NULL,2026-06-18 08:08:09.253,3,2026-06-18 08:31:41.037,NULL,Geflügel Siemers Steinfel - 15,2-DE-1504113,2026-06-18 11:03:17.880,2026-06-18 11:13:14.630,0,0,0,46,1,NULL,0,0,0,0,48430,46905,387992,46905,1,120,9011.62,0,0.00,0,0.00,73.20,XLarg,4004,265153.89,0,0.00,63.00,Large
46,NULL,Geflügel Siemers Steinfel - 15,,,0,5,NULL,NULL,48430,46,1,IP00011GW0278433,GS-B368-26-06,0.00,0,NULL,2026-06-18 08:08:09.253,3,2026-06-18 08:31:41.037,NULL,Geflügel Siemers Steinfel - 15,2-DE-1504113,2026-06-18 11:03:17.880,2026-06-18 11:13:14.630,0,0,0,46,1,NULL,0,0,0,0,48430,46905,387993,46905,2,4291,283293.29,0,0.00,0,0.00,62.70,Large,5753,340939.12,0,0.00,53.00,Medi
46,NULL,Geflügel Siemers Steinfel - 15,,,0,5,NULL,NULL,48430,46,1,IP00011GW0278433,GS-B368-26-06,0.00,0,NULL,2026-06-18 08:08:09.253,3,2026-06-18 08:31:41.037,NULL,Geflügel Siemers Steinfel - 15,2-DE-1504113,2026-06-18 11:03:17.880,2026-06-18 11:13:14.630,0,0,0,46,1,NULL,0,0,0,0,48430,46905,387994,46905,3,5476,323530.77,0,0.00,0,0.00,53.00,Medi,212,10864.32,0,0.00,0.00,Small
46,NULL,Geflügel Siemers Steinfel - 15,,,0,5,NULL,NULL,48430,46,1,IP00011GW0278433,GS-B368-26-06,0.00,0,NULL,2026-06-18 08:08:09.253,3,2026-06-18 08:31:41.037,NULL,Geflügel Siemers Steinfel - 15,2-DE-1504113,2026-06-18 11:03:17.880,2026-06-18 11:13:14.630,0,0,0,46,1,NULL,0,0,0,0,48430,46905,387995,46905,4,212,10864.32,0,0.00,0,0.00,0.00,Small,0,0.00,0,0.00,0.00,
46,NULL,Geflügel Siemers Steinfel - 15,,,0,5,NULL,NULL,48430,46,1,IP00011GW0278433,GS-B368-26-06,0.00,0,NULL,2026-06-18 08:08:09.253,3,2026-06-18 08:31:41.037,NULL,Geflügel Siemers Steinfel - 15,2-DE-1504113,2026-06-18 11:03:17.880,2026-06-18 11:13:14.630,0,0,0,46,1,NULL,0,0,0,0,48430,46905,387996,46905,11,0,0.00,NULL,NULL,NULL,NULL,0.00,Reject,0,0.00,NULL,NULL,0.00,Reject
46,NULL,Geflügel Siemers Steinfel - 15,,,0,5,NULL,NULL,48430,46,1,IP00011GW0278433,GS-B368-26-06,0.00,0,NULL,2026-06-18 08:08:09.253,3,2026-06-18 08:31:41.037,NULL,Geflügel Siemers Steinfel - 15,2-DE-1504113,2026-06-18 11:03:17.880,2026-06-18 11:13:14.630,0,0,0,46,1,NULL,0,0,0,0,48430,46905,387997,46905,12,464,29085.74,NULL,NULL,NULL,NULL,0.00,Crack,464,29085.74,NULL,NULL,0.00,Crack
46,NULL,Geflügel Siemers Steinfel - 15,,,0,5,NULL,NULL,48430,46,1,IP00011GW0278433,GS-B368-26-06,0.00,0,NULL,2026-06-18 08:08:09.253,3,2026-06-18 08:31:41.037,NULL,Geflügel Siemers Steinfel - 15,2-DE-1504113,2026-06-18 11:03:17.880,2026-06-18 11:13:14.630,0,0,0,46,1,NULL,0,0,0,0,48430,46905,387998,46905,13,42,2589.78,NULL,NULL,NULL,NULL,0.00,Dirt,42,2589.78,NULL,NULL,0.00,Dirt
46,NULL,Geflügel Siemers Steinfel - 15,,,0,5,NULL,NULL,48430,46,1,IP00011GW0278433,GS-B368-26-06,0.00,0,NULL,2026-06-18 08:08:09.253,3,2026-06-18 08:31:41.037,NULL,Geflügel Siemers Steinfel - 15,2-DE-1504113,2026-06-18 11:03:17.880,2026-06-18 11:13:14.630,0,0,0,46,1,NULL,0,0,0,0,48430,46905,387999,46905,14,168,10414.38,NULL,NULL,NULL,NULL,0.00,Leakr,168,10414.38,NULL,NULL,0.00,Leakr
46,NULL,Geflügel Siemers Steinfel - 15,,,0,5,NULL,NULL,48430,46,1,IP00011GW0278433,GS-B368-26-06,0.00,0,NULL,2026-06-18 08:08:09.253,3,2026-06-18 08:31:41.037,NULL,Geflügel Siemers Steinfel - 15,2-DE-1504113,2026-06-18 11:03:17.880,2026-06-18 11:13:14.630,0,0,0,46,1,NULL,0,0,0,0,48430,46905,388000,46905,15,6,389.94,NULL,NULL,NULL,NULL,0.00,Blood,6,389.94,NULL,NULL,0.00,Blood
45,NULL,Geflügel Siemers Steinfel - 13,,,0,5,NULL,NULL,48431,45,1,,GS-B374-26-05,0.00,0,NULL,2026-06-18 08:21:36.637,3,2026-06-18 08:33:25.000,NULL,Geflügel Siemers Steinfel - 13,2-DE-1504111,2026-06-18 11:13:14.630,2026-06-18 11:14:58.260,0,0,0,45,1,NULL,0,0,0,0,48431,46906,388001,46906,0,0,0.00,0,0.00,0,0.00,83.00,XXL,0,0.00,0,0.00,73.00,XLarg
45,NULL,Geflügel Siemers Steinfel - 13,,,0,5,NULL,NULL,48431,45,1,,GS-B374-26-05,0.00,0,NULL,2026-06-18 08:21:36.637,3,2026-06-18 08:33:25.000,NULL,Geflügel Siemers Steinfel - 13,2-DE-1504111,2026-06-18 11:13:14.630,2026-06-18 11:14:58.260,0,0,0,45,1,NULL,0,0,0,0,48431,46906,388002,46906,1,0,0.00,0,0.00,0,0.00,73.20,XLarg,51,3351.89,0,0.00,63.00,Large
45,NULL,Geflügel Siemers Steinfel - 13,,,0,5,NULL,NULL,48431,45,1,,GS-B374-26-05,0.00,0,NULL,2026-06-18 08:21:36.637,3,2026-06-18 08:33:25.000,NULL,Geflügel Siemers Steinfel - 13,2-DE-1504111,2026-06-18 11:13:14.630,2026-06-18 11:14:58.260,0,0,0,45,1,NULL,0,0,0,0,48431,46906,388003,46906,2,58,3791.75,0,0.00,0,0.00,62.70,Large,1283,72118.99,0,0.00,53.00,Medi
45,NULL,Geflügel Siemers Steinfel - 13,,,0,5,NULL,NULL,48431,45,1,,GS-B374-26-05,0.00,0,NULL,2026-06-18 08:21:36.637,3,2026-06-18 08:33:25.000,NULL,Geflügel Siemers Steinfel - 13,2-DE-1504111,2026-06-18 11:13:14.630,2026-06-18 11:14:58.260,0,0,0,45,1,NULL,0,0,0,0,48431,46906,388004,46906,3,1276,71679.13,0,0.00,0,0.00,53.00,Medi,724,36712.66,0,0.00,0.00,Small
45,NULL,Geflügel Siemers Steinfel - 13,,,0,5,NULL,NULL,48431,45,1,,GS-B374-26-05,0.00,0,NULL,2026-06-18 08:21:36.637,3,2026-06-18 08:33:25.000,NULL,Geflügel Siemers Steinfel - 13,2-DE-1504111,2026-06-18 11:13:14.630,2026-06-18 11:14:58.260,0,0,0,45,1,NULL,0,0,0,0,48431,46906,388005,46906,4,724,36712.66,0,0.00,0,0.00,0.00,Small,0,0.00,0,0.00,0.00,
45,NULL,Geflügel Siemers Steinfel - 13,,,0,5,NULL,NULL,48431,45,1,,GS-B374-26-05,0.00,0,NULL,2026-06-18 08:21:36.637,3,2026-06-18 08:33:25.000,NULL,Geflügel Siemers Steinfel - 13,2-DE-1504111,2026-06-18 11:13:14.630,2026-06-18 11:14:58.260,0,0,0,45,1,NULL,0,0,0,0,48431,46906,388006,46906,11,0,0.00,NULL,NULL,NULL,NULL,0.00,Reject,0,0.00,NULL,NULL,0.00,Reject
45,NULL,Geflügel Siemers Steinfel - 13,,,0,5,NULL,NULL,48431,45,1,,GS-B374-26-05,0.00,0,NULL,2026-06-18 08:21:36.637,3,2026-06-18 08:33:25.000,NULL,Geflügel Siemers Steinfel - 13,2-DE-1504111,2026-06-18 11:13:14.630,2026-06-18 11:14:58.260,0,0,0,45,1,NULL,0,0,0,0,48431,46906,388007,46906,12,39,2116.21,NULL,NULL,NULL,NULL,0.00,Crack,39,2116.21,NULL,NULL,0.00,Crack
45,NULL,Geflügel Siemers Steinfel - 13,,,0,5,NULL,NULL,48431,45,1,,GS-B374-26-05,0.00,0,NULL,2026-06-18 08:21:36.637,3,2026-06-18 08:33:25.000,NULL,Geflügel Siemers Steinfel - 13,2-DE-1504111,2026-06-18 11:13:14.630,2026-06-18 11:14:58.260,0,0,0,45,1,NULL,0,0,0,0,48431,46906,388008,46906,13,52,2845.57,NULL,NULL,NULL,NULL,0.00,Dirt,52,2845.57,NULL,NULL,0.00,Dirt
45,NULL,Geflügel Siemers Steinfel - 13,,,0,5,NULL,NULL,48431,45,1,,GS-B374-26-05,0.00,0,NULL,2026-06-18 08:21:36.637,3,2026-06-18 08:33:25.000,NULL,Geflügel Siemers Steinfel - 13,2-DE-1504111,2026-06-18 11:13:14.630,2026-06-18 11:14:58.260,0,0,0,45,1,NULL,0,0,0,0,48431,46906,388009,46906,14,10,563.65,NULL,NULL,NULL,NULL,0.00,Leakr,10,563.65,NULL,NULL,0.00,Leakr
45,NULL,Geflügel Siemers Steinfel - 13,,,0,5,NULL,NULL,48431,45,1,,GS-B374-26-05,0.00,0,NULL,2026-06-18 08:21:36.637,3,2026-06-18 08:33:25.000,NULL,Geflügel Siemers Steinfel - 13,2-DE-1504111,2026-06-18 11:13:14.630,2026-06-18 11:14:58.260,0,0,0,45,1,NULL,0,0,0,0,48431,46906,388010,46906,15,0,0.00,NULL,NULL,NULL,NULL,0.00,Blood,0,0.00,NULL,NULL,0.00,Blood
45,NULL,Geflügel Siemers Steinfel - 13,,,0,5,NULL,NULL,48432,45,1,IP00011GW0278506,GS-B374-26-06,0.00,0,NULL,2026-06-18 08:26:28.223,3,2026-06-18 08:42:53.657,NULL,Geflügel Siemers Steinfel - 13,2-DE-1504111,2026-06-18 11:14:58.260,2026-06-18 11:24:27.570,0,0,0,45,1,NULL,0,0,0,0,48432,46907,388011,46907,0,3,250.43,0,0.00,0,0.00,83.00,XXL,173,13559.60,0,0.00,73.00,XLarg
45,NULL,Geflügel Siemers Steinfel - 13,,,0,5,NULL,NULL,48432,45,1,IP00011GW0278506,GS-B374-26-06,0.00,0,NULL,2026-06-18 08:26:28.223,3,2026-06-18 08:42:53.657,NULL,Geflügel Siemers Steinfel - 13,2-DE-1504111,2026-06-18 11:14:58.260,2026-06-18 11:24:27.570,0,0,0,45,1,NULL,0,0,0,0,48432,46907,388012,46907,1,168,13162.89,0,0.00,0,0.00,73.20,XLarg,269,17569.08,0,0.00,63.00,Large
45,NULL,Geflügel Siemers Steinfel - 13,,,0,5,NULL,NULL,48432,45,1,IP00011GW0278506,GS-B374-26-06,0.00,0,NULL,2026-06-18 08:26:28.223,3,2026-06-18 08:42:53.657,NULL,Geflügel Siemers Steinfel - 13,2-DE-1504111,2026-06-18 11:14:58.260,2026-06-18 11:24:27.570,0,0,0,45,1,NULL,0,0,0,0,48432,46907,388013,46907,2,314,20416.74,0,0.00,0,0.00,62.70,Large,7028,397313.44,0,0.00,53.00,Medi
45,NULL,Geflügel Siemers Steinfel - 13,,,0,5,NULL,NULL,48432,45,1,IP00011GW0278506,GS-B374-26-06,0.00,0,NULL,2026-06-18 08:26:28.223,3,2026-06-18 08:42:53.657,NULL,Geflügel Siemers Steinfel - 13,2-DE-1504111,2026-06-18 11:14:58.260,2026-06-18 11:24:27.570,0,0,0,45,1,NULL,0,0,0,0,48432,46907,388014,46907,3,6985,394612.06,0,0.00,0,0.00,53.00,Medi,2836,144233.06,0,0.00,0.00,Small
45,NULL,Geflügel Siemers Steinfel - 13,,,0,5,NULL,NULL,48432,45,1,IP00011GW0278506,GS-B374-26-06,0.00,0,NULL,2026-06-18 08:26:28.223,3,2026-06-18 08:42:53.657,NULL,Geflügel Siemers Steinfel - 13,2-DE-1504111,2026-06-18 11:14:58.260,2026-06-18 11:24:27.570,0,0,0,45,1,NULL,0,0,0,0,48432,46907,388015,46907,4,2836,144233.06,0,0.00,0,0.00,0.00,Small,0,0.00,0,0.00,0.00,
45,NULL,Geflügel Siemers Steinfel - 13,,,0,5,NULL,NULL,48432,45,1,IP00011GW0278506,GS-B374-26-06,0.00,0,NULL,2026-06-18 08:26:28.223,3,2026-06-18 08:42:53.657,NULL,Geflügel Siemers Steinfel - 13,2-DE-1504111,2026-06-18 11:14:58.260,2026-06-18 11:24:27.570,0,0,0,45,1,NULL,0,0,0,0,48432,46907,388016,46907,11,0,0.00,NULL,NULL,NULL,NULL,0.00,Reject,0,0.00,NULL,NULL,0.00,Reject
45,NULL,Geflügel Siemers Steinfel - 13,,,0,5,NULL,NULL,48432,45,1,IP00011GW0278506,GS-B374-26-06,0.00,0,NULL,2026-06-18 08:26:28.223,3,2026-06-18 08:42:53.657,NULL,Geflügel Siemers Steinfel - 13,2-DE-1504111,2026-06-18 11:14:58.260,2026-06-18 11:24:27.570,0,0,0,45,1,NULL,0,0,0,0,48432,46907,388017,46907,12,168,9315.17,NULL,NULL,NULL,NULL,0.00,Crack,168,9315.17,NULL,NULL,0.00,Crack
45,NULL,Geflügel Siemers Steinfel - 13,,,0,5,NULL,NULL,48432,45,1,IP00011GW0278506,GS-B374-26-06,0.00,0,NULL,2026-06-18 08:26:28.223,3,2026-06-18 08:42:53.657,NULL,Geflügel Siemers Steinfel - 13,2-DE-1504111,2026-06-18 11:14:58.260,2026-06-18 11:24:27.570,0,0,0,45,1,NULL,0,0,0,0,48432,46907,388018,46907,13,274,15114.60,NULL,NULL,NULL,NULL,0.00,Dirt,274,15114.60,NULL,NULL,0.00,Dirt
45,NULL,Geflügel Siemers Steinfel - 13,,,0,5,NULL,NULL,48432,45,1,IP00011GW0278506,GS-B374-26-06,0.00,0,NULL,2026-06-18 08:26:28.223,3,2026-06-18 08:42:53.657,NULL,Geflügel Siemers Steinfel - 13,2-DE-1504111,2026-06-18 11:14:58.260,2026-06-18 11:24:27.570,0,0,0,45,1,NULL,0,0,0,0,48432,46907,388019,46907,14,47,2618.19,NULL,NULL,NULL,NULL,0.00,Leakr,47,2618.19,NULL,NULL,0.00,Leakr
45,NULL,Geflügel Siemers Steinfel - 13,,,0,5,NULL,NULL,48432,45,1,IP00011GW0278506,GS-B374-26-06,0.00,0,NULL,2026-06-18 08:26:28.223,3,2026-06-18 08:42:53.657,NULL,Geflügel Siemers Steinfel - 13,2-DE-1504111,2026-06-18 11:14:58.260,2026-06-18 11:24:27.570,0,0,0,45,1,NULL,0,0,0,0,48432,46907,388020,46907,15,1,63.69,NULL,NULL,NULL,NULL,0.00,Blood,1,63.69,NULL,NULL,0.00,Blood
46,NULL,Geflügel Siemers Steinfel - 15,,,0,5,NULL,NULL,48433,46,1,IP00011GW0278505,GS-B374-26-12,0.00,0,NULL,2026-06-18 08:30:54.160,3,2026-06-18 08:56:22.283,NULL,Geflügel Siemers Steinfel - 15,2-DE-1504113,2026-06-18 11:24:27.570,2026-06-18 11:37:56.220,0,0,0,46,1,NULL,0,0,0,0,48433,46908,388021,46908,0,0,0.00,0,0.00,0,0.00,83.00,XXL,571,43037.18,0,0.00,73.00,XLarg
46,NULL,Geflügel Siemers Steinfel - 15,,,0,5,NULL,NULL,48433,46,1,IP00011GW0278505,GS-B374-26-12,0.00,0,NULL,2026-06-18 08:30:54.160,3,2026-06-18 08:56:22.283,NULL,Geflügel Siemers Steinfel - 15,2-DE-1504113,2026-06-18 11:24:27.570,2026-06-18 11:37:56.220,0,0,0,46,1,NULL,0,0,0,0,48433,46908,388022,46908,1,529,39966.88,0,0.00,0,0.00,73.20,XLarg,5208,345780.95,0,0.00,63.00,Large
46,NULL,Geflügel Siemers Steinfel - 15,,,0,5,NULL,NULL,48433,46,1,IP00011GW0278505,GS-B374-26-12,0.00,0,NULL,2026-06-18 08:30:54.160,3,2026-06-18 08:56:22.283,NULL,Geflügel Siemers Steinfel - 15,2-DE-1504113,2026-06-18 11:24:27.570,2026-06-18 11:37:56.220,0,0,0,46,1,NULL,0,0,0,0,48433,46908,388023,46908,2,5480,363306.31,0,0.00,0,0.00,62.70,Large,3703,219494.52,0,0.00,53.00,Medi
46,NULL,Geflügel Siemers Steinfel - 15,,,0,5,NULL,NULL,48433,46,1,IP00011GW0278505,GS-B374-26-12,0.00,0,NULL,2026-06-18 08:30:54.160,3,2026-06-18 08:56:22.283,NULL,Geflügel Siemers Steinfel - 15,2-DE-1504113,2026-06-18 11:24:27.570,2026-06-18 11:37:56.220,0,0,0,46,1,NULL,0,0,0,0,48433,46908,388024,46908,3,3473,205039.46,0,0.00,0,0.00,53.00,Medi,538,27498.15,0,0.00,0.00,Small
46,NULL,Geflügel Siemers Steinfel - 15,,,0,5,NULL,NULL,48433,46,1,IP00011GW0278505,GS-B374-26-12,0.00,0,NULL,2026-06-18 08:30:54.160,3,2026-06-18 08:56:22.283,NULL,Geflügel Siemers Steinfel - 15,2-DE-1504113,2026-06-18 11:24:27.570,2026-06-18 11:37:56.220,0,0,0,46,1,NULL,0,0,0,0,48433,46908,388025,46908,4,538,27498.15,0,0.00,0,0.00,0.00,Small,0,0.00,0,0.00,0.00,
46,NULL,Geflügel Siemers Steinfel - 15,,,0,5,NULL,NULL,48433,46,1,IP00011GW0278505,GS-B374-26-12,0.00,0,NULL,2026-06-18 08:30:54.160,3,2026-06-18 08:56:22.283,NULL,Geflügel Siemers Steinfel - 15,2-DE-1504113,2026-06-18 11:24:27.570,2026-06-18 11:37:56.220,0,0,0,46,1,NULL,0,0,0,0,48433,46908,388026,46908,11,0,0.00,NULL,NULL,NULL,NULL,0.00,Reject,0,0.00,NULL,NULL,0.00,Reject
46,NULL,Geflügel Siemers Steinfel - 15,,,0,5,NULL,NULL,48433,46,1,IP00011GW0278505,GS-B374-26-12,0.00,0,NULL,2026-06-18 08:30:54.160,3,2026-06-18 08:56:22.283,NULL,Geflügel Siemers Steinfel - 15,2-DE-1504113,2026-06-18 11:24:27.570,2026-06-18 11:37:56.220,0,0,0,46,1,NULL,0,0,0,0,48433,46908,388027,46908,12,545,34581.35,NULL,NULL,NULL,NULL,0.00,Crack,545,34581.35,NULL,NULL,0.00,Crack
46,NULL,Geflügel Siemers Steinfel - 15,,,0,5,NULL,NULL,48433,46,1,IP00011GW0278505,GS-B374-26-12,0.00,0,NULL,2026-06-18 08:30:54.160,3,2026-06-18 08:56:22.283,NULL,Geflügel Siemers Steinfel - 15,2-DE-1504113,2026-06-18 11:24:27.570,2026-06-18 11:37:56.220,0,0,0,46,1,NULL,0,0,0,0,48433,46908,388028,46908,13,69,4350.46,NULL,NULL,NULL,NULL,0.00,Dirt,69,4350.46,NULL,NULL,0.00,Dirt
46,NULL,Geflügel Siemers Steinfel - 15,,,0,5,NULL,NULL,48433,46,1,IP00011GW0278505,GS-B374-26-12,0.00,0,NULL,2026-06-18 08:30:54.160,3,2026-06-18 08:56:22.283,NULL,Geflügel Siemers Steinfel - 15,2-DE-1504113,2026-06-18 11:24:27.570,2026-06-18 11:37:56.220,0,0,0,46,1,NULL,0,0,0,0,48433,46908,388029,46908,14,134,8701.97,NULL,NULL,NULL,NULL,0.00,Leakr,134,8701.97,NULL,NULL,0.00,Leakr
46,NULL,Geflügel Siemers Steinfel - 15,,,0,5,NULL,NULL,48433,46,1,IP00011GW0278505,GS-B374-26-12,0.00,0,NULL,2026-06-18 08:30:54.160,3,2026-06-18 08:56:22.283,NULL,Geflügel Siemers Steinfel - 15,2-DE-1504113,2026-06-18 11:24:27.570,2026-06-18 11:37:56.220,0,0,0,46,1,NULL,0,0,0,0,48433,46908,388030,46908,15,3,184.49,NULL,NULL,NULL,NULL,0.00,Blood,3,184.49,NULL,NULL,0.00,Blood
46,NULL,Geflügel Siemers Steinfel - 15,,,0,5,NULL,NULL,48434,46,1,IP00011GW0278499,GS-B374-26-13,0.00,0,NULL,2026-06-18 08:44:41.077,3,2026-06-18 09:09:02.570,NULL,Geflügel Siemers Steinfel - 15,2-DE-1504113,2026-06-18 11:37:56.220,2026-06-18 11:49:20.580,0,0,0,46,1,NULL,0,0,0,0,48434,46909,388031,46909,0,0,0.00,0,0.00,0,0.00,83.00,XXL,201,15179.85,0,0.00,73.00,XLarg
46,NULL,Geflügel Siemers Steinfel - 15,,,0,5,NULL,NULL,48434,46,1,IP00011GW0278499,GS-B374-26-13,0.00,0,NULL,2026-06-18 08:44:41.077,3,2026-06-18 09:09:02.570,NULL,Geflügel Siemers Steinfel - 15,2-DE-1504113,2026-06-18 11:37:56.220,2026-06-18 11:49:20.580,0,0,0,46,1,NULL,0,0,0,0,48434,46909,388032,46909,1,188,14229.59,0,0.00,0,0.00,73.20,XLarg,3953,262270.44,0,0.00,63.00,Large
46,NULL,Geflügel Siemers Steinfel - 15,,,0,5,NULL,NULL,48434,46,1,IP00011GW0278499,GS-B374-26-13,0.00,0,NULL,2026-06-18 08:44:41.077,3,2026-06-18 09:09:02.570,NULL,Geflügel Siemers Steinfel - 15,2-DE-1504113,2026-06-18 11:37:56.220,2026-06-18 11:49:20.580,0,0,0,46,1,NULL,0,0,0,0,48434,46909,388033,46909,2,4230,279812.41,0,0.00,0,0.00,62.70,Large,5777,342182.06,0,0.00,53.00,Medi
46,NULL,Geflügel Siemers Steinfel - 15,,,0,5,NULL,NULL,48434,46,1,IP00011GW0278499,GS-B374-26-13,0.00,0,NULL,2026-06-18 08:44:41.077,3,2026-06-18 09:09:02.570,NULL,Geflügel Siemers Steinfel - 15,2-DE-1504113,2026-06-18 11:37:56.220,2026-06-18 11:49:20.580,0,0,0,46,1,NULL,0,0,0,0,48434,46909,388034,46909,3,5513,325590.35,0,0.00,0,0.00,53.00,Medi,219,11080.60,0,0.00,0.00,Small
46,NULL,Geflügel Siemers Steinfel - 15,,,0,5,NULL,NULL,48434,46,1,IP00011GW0278499,GS-B374-26-13,0.00,0,NULL,2026-06-18 08:44:41.077,3,2026-06-18 09:09:02.570,NULL,Geflügel Siemers Steinfel - 15,2-DE-1504113,2026-06-18 11:37:56.220,2026-06-18 11:49:20.580,0,0,0,46,1,NULL,0,0,0,0,48434,46909,388035,46909,4,219,11080.60,0,0.00,0,0.00,0.00,Small,0,0.00,0,0.00,0.00,
46,NULL,Geflügel Siemers Steinfel - 15,,,0,5,NULL,NULL,48434,46,1,IP00011GW0278499,GS-B374-26-13,0.00,0,NULL,2026-06-18 08:44:41.077,3,2026-06-18 09:09:02.570,NULL,Geflügel Siemers Steinfel - 15,2-DE-1504113,2026-06-18 11:37:56.220,2026-06-18 11:49:20.580,0,0,0,46,1,NULL,0,0,0,0,48434,46909,388036,46909,11,0,0.00,NULL,NULL,NULL,NULL,0.00,Reject,0,0.00,NULL,NULL,0.00,Reject
46,NULL,Geflügel Siemers Steinfel - 15,,,0,5,NULL,NULL,48434,46,1,IP00011GW0278499,GS-B374-26-13,0.00,0,NULL,2026-06-18 08:44:41.077,3,2026-06-18 09:09:02.570,NULL,Geflügel Siemers Steinfel - 15,2-DE-1504113,2026-06-18 11:37:56.220,2026-06-18 11:49:20.580,0,0,0,46,1,NULL,0,0,0,0,48434,46909,388037,46909,12,479,29611.51,NULL,NULL,NULL,NULL,0.00,Crack,479,29611.51,NULL,NULL,0.00,Crack
46,NULL,Geflügel Siemers Steinfel - 15,,,0,5,NULL,NULL,48434,46,1,IP00011GW0278499,GS-B374-26-13,0.00,0,NULL,2026-06-18 08:44:41.077,3,2026-06-18 09:09:02.570,NULL,Geflügel Siemers Steinfel - 15,2-DE-1504113,2026-06-18 11:37:56.220,2026-06-18 11:49:20.580,0,0,0,46,1,NULL,0,0,0,0,48434,46909,388038,46909,13,41,2521.37,NULL,NULL,NULL,NULL,0.00,Dirt,41,2521.37,NULL,NULL,0.00,Dirt
46,NULL,Geflügel Siemers Steinfel - 15,,,0,5,NULL,NULL,48434,46,1,IP00011GW0278499,GS-B374-26-13,0.00,0,NULL,2026-06-18 08:44:41.077,3,2026-06-18 09:09:02.570,NULL,Geflügel Siemers Steinfel - 15,2-DE-1504113,2026-06-18 11:37:56.220,2026-06-18 11:49:20.580,0,0,0,46,1,NULL,0,0,0,0,48434,46909,388039,46909,14,105,6514.39,NULL,NULL,NULL,NULL,0.00,Leakr,105,6514.39,NULL,NULL,0.00,Leakr
46,NULL,Geflügel Siemers Steinfel - 15,,,0,5,NULL,NULL,48434,46,1,IP00011GW0278499,GS-B374-26-13,0.00,0,NULL,2026-06-18 08:44:41.077,3,2026-06-18 09:09:02.570,NULL,Geflügel Siemers Steinfel - 15,2-DE-1504113,2026-06-18 11:37:56.220,2026-06-18 11:49:20.580,0,0,0,46,1,NULL,0,0,0,0,48434,46909,388040,46909,15,2,122.82,NULL,NULL,NULL,NULL,0.00,Blood,2,122.82,NULL,NULL,0.00,Blood
44,NULL,Geflügel Siemers Steinfel - 14,,,0,5,NULL,NULL,48435,44,1,IP00011GW0278507,GS-B374-26-09,0.00,0,NULL,2026-06-18 08:49:01.287,3,2026-06-18 09:24:23.847,NULL,Geflügel Siemers Steinfel - 14,2-DE-1504112,2026-06-18 11:49:20.580,2026-06-18 12:05:30.370,0,0,0,44,1,NULL,0,0,0,0,48435,46910,388041,46910,0,0,0.00,0,0.00,0,0.00,83.00,XXL,635,47769.76,0,0.00,73.00,XLarg
44,NULL,Geflügel Siemers Steinfel - 14,,,0,5,NULL,NULL,48435,44,1,IP00011GW0278507,GS-B374-26-09,0.00,0,NULL,2026-06-18 08:49:01.287,3,2026-06-18 09:24:23.847,NULL,Geflügel Siemers Steinfel - 14,2-DE-1504112,2026-06-18 11:49:20.580,2026-06-18 12:05:30.370,0,0,0,44,1,NULL,0,0,0,0,48435,46910,388042,46910,1,597,44991.71,0,0.00,0,0.00,73.20,XLarg,4321,286428.32,0,0.00,63.00,Large
44,NULL,Geflügel Siemers Steinfel - 14,,,0,5,NULL,NULL,48435,44,1,IP00011GW0278507,GS-B374-26-09,0.00,0,NULL,2026-06-18 08:49:01.287,3,2026-06-18 09:24:23.847,NULL,Geflügel Siemers Steinfel - 14,2-DE-1504112,2026-06-18 11:49:20.580,2026-06-18 12:05:30.370,0,0,0,44,1,NULL,0,0,0,0,48435,46910,388043,46910,2,4609,304918.06,0,0.00,0,0.00,62.70,Large,5106,303335.07,0,0.00,53.00,Medi
44,NULL,Geflügel Siemers Steinfel - 14,,,0,5,NULL,NULL,48435,44,1,IP00011GW0278507,GS-B374-26-09,0.00,0,NULL,2026-06-18 08:49:01.287,3,2026-06-18 09:24:23.847,NULL,Geflügel Siemers Steinfel - 14,2-DE-1504112,2026-06-18 11:49:20.580,2026-06-18 12:05:30.370,0,0,0,44,1,NULL,0,0,0,0,48435,46910,388044,46910,3,4856,287623.38,0,0.00,0,0.00,53.00,Medi,327,16797.25,0,0.00,0.00,Small
44,NULL,Geflügel Siemers Steinfel - 14,,,0,5,NULL,NULL,48435,44,1,IP00011GW0278507,GS-B374-26-09,0.00,0,NULL,2026-06-18 08:49:01.287,3,2026-06-18 09:24:23.847,NULL,Geflügel Siemers Steinfel - 14,2-DE-1504112,2026-06-18 11:49:20.580,2026-06-18 12:05:30.370,0,0,0,44,1,NULL,0,0,0,0,48435,46910,388045,46910,4,327,16797.25,0,0.00,0,0.00,0.00,Small,0,0.00,0,0.00,0.00,
44,NULL,Geflügel Siemers Steinfel - 14,,,0,5,NULL,NULL,48435,44,1,IP00011GW0278507,GS-B374-26-09,0.00,0,NULL,2026-06-18 08:49:01.287,3,2026-06-18 09:24:23.847,NULL,Geflügel Siemers Steinfel - 14,2-DE-1504112,2026-06-18 11:49:20.580,2026-06-18 12:05:30.370,0,0,0,44,1,NULL,0,0,0,0,48435,46910,388046,46910,11,0,0.00,NULL,NULL,NULL,NULL,0.00,Reject,0,0.00,NULL,NULL,0.00,Reject
44,NULL,Geflügel Siemers Steinfel - 14,,,0,5,NULL,NULL,48435,44,1,IP00011GW0278507,GS-B374-26-09,0.00,0,NULL,2026-06-18 08:49:01.287,3,2026-06-18 09:24:23.847,NULL,Geflügel Siemers Steinfel - 14,2-DE-1504112,2026-06-18 11:49:20.580,2026-06-18 12:05:30.370,0,0,0,44,1,NULL,0,0,0,0,48435,46910,388047,46910,12,216,13672.62,NULL,NULL,NULL,NULL,0.00,Crack,216,13672.62,NULL,NULL,0.00,Crack
44,NULL,Geflügel Siemers Steinfel - 14,,,0,5,NULL,NULL,48435,44,1,IP00011GW0278507,GS-B374-26-09,0.00,0,NULL,2026-06-18 08:49:01.287,3,2026-06-18 09:24:23.847,NULL,Geflügel Siemers Steinfel - 14,2-DE-1504112,2026-06-18 11:49:20.580,2026-06-18 12:05:30.370,0,0,0,44,1,NULL,0,0,0,0,48435,46910,388048,46910,13,50,3123.78,NULL,NULL,NULL,NULL,0.00,Dirt,50,3123.78,NULL,NULL,0.00,Dirt
44,NULL,Geflügel Siemers Steinfel - 14,,,0,5,NULL,NULL,48435,44,1,IP00011GW0278507,GS-B374-26-09,0.00,0,NULL,2026-06-18 08:49:01.287,3,2026-06-18 09:24:23.847,NULL,Geflügel Siemers Steinfel - 14,2-DE-1504112,2026-06-18 11:49:20.580,2026-06-18 12:05:30.370,0,0,0,44,1,NULL,0,0,0,0,48435,46910,388049,46910,14,67,4217.80,NULL,NULL,NULL,NULL,0.00,Leakr,67,4217.80,NULL,NULL,0.00,Leakr
44,NULL,Geflügel Siemers Steinfel - 14,,,0,5,NULL,NULL,48435,44,1,IP00011GW0278507,GS-B374-26-09,0.00,0,NULL,2026-06-18 08:49:01.287,3,2026-06-18 09:24:23.847,NULL,Geflügel Siemers Steinfel - 14,2-DE-1504112,2026-06-18 11:49:20.580,2026-06-18 12:05:30.370,0,0,0,44,1,NULL,0,0,0,0,48435,46910,388050,46910,15,0,0.00,NULL,NULL,NULL,NULL,0.00,Blood,0,0.00,NULL,NULL,0.00,Blood
22,NULL,Hühnerhof Quenstedt GmbH - 9,,,0,5,NULL,NULL,48436,22,1,IP00011GW0278472,Q-374-26-01,0.00,0,NULL,2026-06-18 09:02:36.710,3,2026-06-18 09:32:51.090,NULL,Hühnerhof Quenstedt GmbH - 9,2-DE-1516801,2026-06-18 12:05:30.370,2026-06-18 12:14:22.420,0,0,0,22,1,NULL,0,0,0,0,48436,46911,388051,46911,0,3,272.39,0,0.00,0,0.00,83.00,XXL,159,12024.33,0,0.00,73.00,XLarg
22,NULL,Hühnerhof Quenstedt GmbH - 9,,,0,5,NULL,NULL,48436,22,1,IP00011GW0278472,Q-374-26-01,0.00,0,NULL,2026-06-18 09:02:36.710,3,2026-06-18 09:32:51.090,NULL,Hühnerhof Quenstedt GmbH - 9,2-DE-1516801,2026-06-18 12:05:30.370,2026-06-18 12:14:22.420,0,0,0,22,1,NULL,0,0,0,0,48436,46911,388052,46911,1,145,10947.91,0,0.00,0,0.00,73.20,XLarg,3987,263999.79,0,0.00,63.00,Large
22,NULL,Hühnerhof Quenstedt GmbH - 9,,,0,5,NULL,NULL,48436,22,1,IP00011GW0278472,Q-374-26-01,0.00,0,NULL,2026-06-18 09:02:36.710,3,2026-06-18 09:32:51.090,NULL,Hühnerhof Quenstedt GmbH - 9,2-DE-1516801,2026-06-18 12:05:30.370,2026-06-18 12:14:22.420,0,0,0,22,1,NULL,0,0,0,0,48436,46911,388053,46911,2,4245,280327.54,0,0.00,0,0.00,62.70,Large,6146,364693.96,0,0.00,53.00,Medi
22,NULL,Hühnerhof Quenstedt GmbH - 9,,,0,5,NULL,NULL,48436,22,1,IP00011GW0278472,Q-374-26-01,0.00,0,NULL,2026-06-18 09:02:36.710,3,2026-06-18 09:32:51.090,NULL,Hühnerhof Quenstedt GmbH - 9,2-DE-1516801,2026-06-18 12:05:30.370,2026-06-18 12:14:22.420,0,0,0,22,1,NULL,0,0,0,0,48436,46911,388054,46911,3,5899,349170.24,0,0.00,0,0.00,53.00,Medi,148,7486.66,0,0.00,0.00,Small
22,NULL,Hühnerhof Quenstedt GmbH - 9,,,0,5,NULL,NULL,48436,22,1,IP00011GW0278472,Q-374-26-01,0.00,0,NULL,2026-06-18 09:02:36.710,3,2026-06-18 09:32:51.090,NULL,Hühnerhof Quenstedt GmbH - 9,2-DE-1516801,2026-06-18 12:05:30.370,2026-06-18 12:14:22.420,0,0,0,22,1,NULL,0,0,0,0,48436,46911,388055,46911,4,148,7486.66,0,0.00,0,0.00,0.00,Small,0,0.00,0,0.00,0.00,
22,NULL,Hühnerhof Quenstedt GmbH - 9,,,0,5,NULL,NULL,48436,22,1,IP00011GW0278472,Q-374-26-01,0.00,0,NULL,2026-06-18 09:02:36.710,3,2026-06-18 09:32:51.090,NULL,Hühnerhof Quenstedt GmbH - 9,2-DE-1516801,2026-06-18 12:05:30.370,2026-06-18 12:14:22.420,0,0,0,22,1,NULL,0,0,0,0,48436,46911,388056,46911,11,0,0.00,NULL,NULL,NULL,NULL,0.00,Reject,0,0.00,NULL,NULL,0.00,Reject
22,NULL,Hühnerhof Quenstedt GmbH - 9,,,0,5,NULL,NULL,48436,22,1,IP00011GW0278472,Q-374-26-01,0.00,0,NULL,2026-06-18 09:02:36.710,3,2026-06-18 09:32:51.090,NULL,Hühnerhof Quenstedt GmbH - 9,2-DE-1516801,2026-06-18 12:05:30.370,2026-06-18 12:14:22.420,0,0,0,22,1,NULL,0,0,0,0,48436,46911,388057,46911,12,207,12985.80,NULL,NULL,NULL,NULL,0.00,Crack,207,12985.80,NULL,NULL,0.00,Crack
22,NULL,Hühnerhof Quenstedt GmbH - 9,,,0,5,NULL,NULL,48436,22,1,IP00011GW0278472,Q-374-26-01,0.00,0,NULL,2026-06-18 09:02:36.710,3,2026-06-18 09:32:51.090,NULL,Hühnerhof Quenstedt GmbH - 9,2-DE-1516801,2026-06-18 12:05:30.370,2026-06-18 12:14:22.420,0,0,0,22,1,NULL,0,0,0,0,48436,46911,388058,46911,13,96,6005.54,NULL,NULL,NULL,NULL,0.00,Dirt,96,6005.54,NULL,NULL,0.00,Dirt
22,NULL,Hühnerhof Quenstedt GmbH - 9,,,0,5,NULL,NULL,48436,22,1,IP00011GW0278472,Q-374-26-01,0.00,0,NULL,2026-06-18 09:02:36.710,3,2026-06-18 09:32:51.090,NULL,Hühnerhof Quenstedt GmbH - 9,2-DE-1516801,2026-06-18 12:05:30.370,2026-06-18 12:14:22.420,0,0,0,22,1,NULL,0,0,0,0,48436,46911,388059,46911,14,41,2551.95,NULL,NULL,NULL,NULL,0.00,Leakr,41,2551.95,NULL,NULL,0.00,Leakr
22,NULL,Hühnerhof Quenstedt GmbH - 9,,,0,5,NULL,NULL,48436,22,1,IP00011GW0278472,Q-374-26-01,0.00,0,NULL,2026-06-18 09:02:36.710,3,2026-06-18 09:32:51.090,NULL,Hühnerhof Quenstedt GmbH - 9,2-DE-1516801,2026-06-18 12:05:30.370,2026-06-18 12:14:22.420,0,0,0,22,1,NULL,0,0,0,0,48436,46911,388060,46911,15,0,0.00,NULL,NULL,NULL,NULL,0.00,Blood,0,0.00,NULL,NULL,0.00,Blood
22,NULL,Hühnerhof Quenstedt GmbH - 9,,,0,5,NULL,NULL,48437,22,1,IP00011GW0278473,Q-374-26-02,0.00,0,NULL,2026-06-18 09:19:44.133,3,2026-06-18 09:42:01.203,NULL,Hühnerhof Quenstedt GmbH - 9,2-DE-1516801,2026-06-18 12:14:22.420,2026-06-18 12:23:32.890,0,0,0,22,1,NULL,0,0,0,0,48437,46912,388061,46912,0,3,250.79,0,0.00,0,0.00,83.00,XXL,182,13752.31,0,0.00,73.00,XLarg
22,NULL,Hühnerhof Quenstedt GmbH - 9,,,0,5,NULL,NULL,48437,22,1,IP00011GW0278473,Q-374-26-02,0.00,0,NULL,2026-06-18 09:19:44.133,3,2026-06-18 09:42:01.203,NULL,Hühnerhof Quenstedt GmbH - 9,2-DE-1516801,2026-06-18 12:14:22.420,2026-06-18 12:23:32.890,0,0,0,22,1,NULL,0,0,0,0,48437,46912,388062,46912,1,169,12770.97,0,0.00,0,0.00,73.20,XLarg,4009,265087.02,0,0.00,63.00,Large
22,NULL,Hühnerhof Quenstedt GmbH - 9,,,0,5,NULL,NULL,48437,22,1,IP00011GW0278473,Q-374-26-02,0.00,0,NULL,2026-06-18 09:19:44.133,3,2026-06-18 09:42:01.203,NULL,Hühnerhof Quenstedt GmbH - 9,2-DE-1516801,2026-06-18 12:14:22.420,2026-06-18 12:23:32.890,0,0,0,22,1,NULL,0,0,0,0,48437,46912,388063,46912,2,4265,281275.72,0,0.00,0,0.00,62.70,Large,6031,357673.96,0,0.00,53.00,Medi
22,NULL,Hühnerhof Quenstedt GmbH - 9,,,0,5,NULL,NULL,48437,22,1,IP00011GW0278473,Q-374-26-02,0.00,0,NULL,2026-06-18 09:19:44.133,3,2026-06-18 09:42:01.203,NULL,Hühnerhof Quenstedt GmbH - 9,2-DE-1516801,2026-06-18 12:14:22.420,2026-06-18 12:23:32.890,0,0,0,22,1,NULL,0,0,0,0,48437,46912,388064,46912,3,5785,342215.81,0,0.00,0,0.00,53.00,Medi,172,8742.80,0,0.00,0.00,Small
22,NULL,Hühnerhof Quenstedt GmbH - 9,,,0,5,NULL,NULL,48437,22,1,IP00011GW0278473,Q-374-26-02,0.00,0,NULL,2026-06-18 09:19:44.133,3,2026-06-18 09:42:01.203,NULL,Hühnerhof Quenstedt GmbH - 9,2-DE-1516801,2026-06-18 12:14:22.420,2026-06-18 12:23:32.890,0,0,0,22,1,NULL,0,0,0,0,48437,46912,388065,46912,4,172,8742.80,0,0.00,0,0.00,0.00,Small,0,0.00,0,0.00,0.00,
22,NULL,Hühnerhof Quenstedt GmbH - 9,,,0,5,NULL,NULL,48437,22,1,IP00011GW0278473,Q-374-26-02,0.00,0,NULL,2026-06-18 09:19:44.133,3,2026-06-18 09:42:01.203,NULL,Hühnerhof Quenstedt GmbH - 9,2-DE-1516801,2026-06-18 12:14:22.420,2026-06-18 12:23:32.890,0,0,0,22,1,NULL,0,0,0,0,48437,46912,388066,46912,11,0,0.00,NULL,NULL,NULL,NULL,0.00,Reject,0,0.00,NULL,NULL,0.00,Reject
22,NULL,Hühnerhof Quenstedt GmbH - 9,,,0,5,NULL,NULL,48437,22,1,IP00011GW0278473,Q-374-26-02,0.00,0,NULL,2026-06-18 09:19:44.133,3,2026-06-18 09:42:01.203,NULL,Hühnerhof Quenstedt GmbH - 9,2-DE-1516801,2026-06-18 12:14:22.420,2026-06-18 12:23:32.890,0,0,0,22,1,NULL,0,0,0,0,48437,46912,388067,46912,12,238,14944.62,NULL,NULL,NULL,NULL,0.00,Crack,238,14944.62,NULL,NULL,0.00,Crack
22,NULL,Hühnerhof Quenstedt GmbH - 9,,,0,5,NULL,NULL,48437,22,1,IP00011GW0278473,Q-374-26-02,0.00,0,NULL,2026-06-18 09:19:44.133,3,2026-06-18 09:42:01.203,NULL,Hühnerhof Quenstedt GmbH - 9,2-DE-1516801,2026-06-18 12:14:22.420,2026-06-18 12:23:32.890,0,0,0,22,1,NULL,0,0,0,0,48437,46912,388068,46912,13,123,7753.27,NULL,NULL,NULL,NULL,0.00,Dirt,123,7753.27,NULL,NULL,0.00,Dirt
22,NULL,Hühnerhof Quenstedt GmbH - 9,,,0,5,NULL,NULL,48437,22,1,IP00011GW0278473,Q-374-26-02,0.00,0,NULL,2026-06-18 09:19:44.133,3,2026-06-18 09:42:01.203,NULL,Hühnerhof Quenstedt GmbH - 9,2-DE-1516801,2026-06-18 12:14:22.420,2026-06-18 12:23:32.890,0,0,0,22,1,NULL,0,0,0,0,48437,46912,388069,46912,14,32,1984.31,NULL,NULL,NULL,NULL,0.00,Leakr,32,1984.31,NULL,NULL,0.00,Leakr
22,NULL,Hühnerhof Quenstedt GmbH - 9,,,0,5,NULL,NULL,48437,22,1,IP00011GW0278473,Q-374-26-02,0.00,0,NULL,2026-06-18 09:19:44.133,3,2026-06-18 09:42:01.203,NULL,Hühnerhof Quenstedt GmbH - 9,2-DE-1516801,2026-06-18 12:14:22.420,2026-06-18 12:23:32.890,0,0,0,22,1,NULL,0,0,0,0,48437,46912,388070,46912,15,0,0.00,NULL,NULL,NULL,NULL,0.00,Blood,0,0.00,NULL,NULL,0.00,Blood
22,NULL,Hühnerhof Quenstedt GmbH - 9,,,0,5,NULL,NULL,48438,22,1,IP00011GW0278471,Q-374-26-03,0.00,0,NULL,2026-06-18 09:29:00.860,3,2026-06-18 09:52:11.850,NULL,Hühnerhof Quenstedt GmbH - 9,2-DE-1516801,2026-06-18 12:23:32.890,2026-06-18 12:32:41.670,0,0,0,22,1,NULL,0,0,0,0,48438,46913,388071,46913,0,3,254.34,0,0.00,0,0.00,83.00,XXL,187,14101.01,0,0.00,73.00,XLarg
22,NULL,Hühnerhof Quenstedt GmbH - 9,,,0,5,NULL,NULL,48438,22,1,IP00011GW0278471,Q-374-26-03,0.00,0,NULL,2026-06-18 09:29:00.860,3,2026-06-18 09:52:11.850,NULL,Hühnerhof Quenstedt GmbH - 9,2-DE-1516801,2026-06-18 12:23:32.890,2026-06-18 12:32:41.670,0,0,0,22,1,NULL,0,0,0,0,48438,46913,388072,46913,1,169,12750.49,0,0.00,0,0.00,73.20,XLarg,3996,264357.92,0,0.00,63.00,Large
22,NULL,Hühnerhof Quenstedt GmbH - 9,,,0,5,NULL,NULL,48438,22,1,IP00011GW0278471,Q-374-26-03,0.00,0,NULL,2026-06-18 09:29:00.860,3,2026-06-18 09:52:11.850,NULL,Hühnerhof Quenstedt GmbH - 9,2-DE-1516801,2026-06-18 12:23:32.890,2026-06-18 12:32:41.670,0,0,0,22,1,NULL,0,0,0,0,48438,46913,388073,46913,2,4266,281478.28,0,0.00,0,0.00,62.70,Large,6040,358567.85,0,0.00,53.00,Medi
22,NULL,Hühnerhof Quenstedt GmbH - 9,,,0,5,NULL,NULL,48438,22,1,IP00011GW0278471,Q-374-26-03,0.00,0,NULL,2026-06-18 09:29:00.860,3,2026-06-18 09:52:11.850,NULL,Hühnerhof Quenstedt GmbH - 9,2-DE-1516801,2026-06-18 12:23:32.890,2026-06-18 12:32:41.670,0,0,0,22,1,NULL,0,0,0,0,48438,46913,388074,46913,3,5785,342543.67,0,0.00,0,0.00,53.00,Medi,169,8642.90,0,0.00,0.00,Small
22,NULL,Hühnerhof Quenstedt GmbH - 9,,,0,5,NULL,NULL,48438,22,1,IP00011GW0278471,Q-374-26-03,0.00,0,NULL,2026-06-18 09:29:00.860,3,2026-06-18 09:52:11.850,NULL,Hühnerhof Quenstedt GmbH - 9,2-DE-1516801,2026-06-18 12:23:32.890,2026-06-18 12:32:41.670,0,0,0,22,1,NULL,0,0,0,0,48438,46913,388075,46913,4,169,8642.90,0,0.00,0,0.00,0.00,Small,0,0.00,0,0.00,0.00,
22,NULL,Hühnerhof Quenstedt GmbH - 9,,,0,5,NULL,NULL,48438,22,1,IP00011GW0278471,Q-374-26-03,0.00,0,NULL,2026-06-18 09:29:00.860,3,2026-06-18 09:52:11.850,NULL,Hühnerhof Quenstedt GmbH - 9,2-DE-1516801,2026-06-18 12:23:32.890,2026-06-18 12:32:41.670,0,0,0,22,1,NULL,0,0,0,0,48438,46913,388076,46913,11,0,0.00,NULL,NULL,NULL,NULL,0.00,Reject,0,0.00,NULL,NULL,0.00,Reject
22,NULL,Hühnerhof Quenstedt GmbH - 9,,,0,5,NULL,NULL,48438,22,1,IP00011GW0278471,Q-374-26-03,0.00,0,NULL,2026-06-18 09:29:00.860,3,2026-06-18 09:52:11.850,NULL,Hühnerhof Quenstedt GmbH - 9,2-DE-1516801,2026-06-18 12:23:32.890,2026-06-18 12:32:41.670,0,0,0,22,1,NULL,0,0,0,0,48438,46913,388077,46913,12,272,16914.32,NULL,NULL,NULL,NULL,0.00,Crack,272,16914.32,NULL,NULL,0.00,Crack
22,NULL,Hühnerhof Quenstedt GmbH - 9,,,0,5,NULL,NULL,48438,22,1,IP00011GW0278471,Q-374-26-03,0.00,0,NULL,2026-06-18 09:29:00.860,3,2026-06-18 09:52:11.850,NULL,Hühnerhof Quenstedt GmbH - 9,2-DE-1516801,2026-06-18 12:23:32.890,2026-06-18 12:32:41.670,0,0,0,22,1,NULL,0,0,0,0,48438,46913,388078,46913,13,89,5579.81,NULL,NULL,NULL,NULL,0.00,Dirt,89,5579.81,NULL,NULL,0.00,Dirt
22,NULL,Hühnerhof Quenstedt GmbH - 9,,,0,5,NULL,NULL,48438,22,1,IP00011GW0278471,Q-374-26-03,0.00,0,NULL,2026-06-18 09:29:00.860,3,2026-06-18 09:52:11.850,NULL,Hühnerhof Quenstedt GmbH - 9,2-DE-1516801,2026-06-18 12:23:32.890,2026-06-18 12:32:41.670,0,0,0,22,1,NULL,0,0,0,0,48438,46913,388079,46913,14,34,2110.26,NULL,NULL,NULL,NULL,0.00,Leakr,34,2110.26,NULL,NULL,0.00,Leakr
22,NULL,Hühnerhof Quenstedt GmbH - 9,,,0,5,NULL,NULL,48438,22,1,IP00011GW0278471,Q-374-26-03,0.00,0,NULL,2026-06-18 09:29:00.860,3,2026-06-18 09:52:11.850,NULL,Hühnerhof Quenstedt GmbH - 9,2-DE-1516801,2026-06-18 12:23:32.890,2026-06-18 12:32:41.670,0,0,0,22,1,NULL,0,0,0,0,48438,46913,388080,46913,15,0,0.00,NULL,NULL,NULL,NULL,0.00,Blood,0,0.00,NULL,NULL,0.00,Blood
20,NULL,Hühnerhof Quenstedt GmbH - 12,,,0,5,NULL,NULL,48439,20,1,IP00011GW0278476,Q-374-26-12,0.00,0,NULL,2026-06-18 09:38:22.887,3,2026-06-18 10:23:21.377,NULL,Hühnerhof Quenstedt GmbH - 12,2-DE-1516804,2026-06-18 12:32:41.670,2026-06-18 13:04:55.430,0,0,0,20,1,NULL,0,0,0,0,48439,46914,388081,46914,0,3,262.51,0,0.00,0,0.00,83.00,XXL,93,7020.61,0,0.00,73.00,XLarg
20,NULL,Hühnerhof Quenstedt GmbH - 12,,,0,5,NULL,NULL,48439,20,1,IP00011GW0278476,Q-374-26-12,0.00,0,NULL,2026-06-18 09:38:22.887,3,2026-06-18 10:23:21.377,NULL,Hühnerhof Quenstedt GmbH - 12,2-DE-1516804,2026-06-18 12:32:41.670,2026-06-18 13:04:55.430,0,0,0,20,1,NULL,0,0,0,0,48439,46914,388082,46914,1,82,6173.36,0,0.00,0,0.00,73.20,XLarg,2556,168276.94,0,0.00,63.00,Large
20,NULL,Hühnerhof Quenstedt GmbH - 12,,,0,5,NULL,NULL,48439,20,1,IP00011GW0278476,Q-374-26-12,0.00,0,NULL,2026-06-18 09:38:22.887,3,2026-06-18 10:23:21.377,NULL,Hühnerhof Quenstedt GmbH - 12,2-DE-1516804,2026-06-18 12:32:41.670,2026-06-18 13:04:55.430,0,0,0,20,1,NULL,0,0,0,0,48439,46914,388083,46914,2,2774,182057.16,0,0.00,0,0.00,62.70,Large,7408,433890.12,0,0.00,53.00,Medi
20,NULL,Hühnerhof Quenstedt GmbH - 12,,,0,5,NULL,NULL,48439,20,1,IP00011GW0278476,Q-374-26-12,0.00,0,NULL,2026-06-18 09:38:22.887,3,2026-06-18 10:23:21.377,NULL,Hühnerhof Quenstedt GmbH - 12,2-DE-1516804,2026-06-18 12:32:41.670,2026-06-18 13:04:55.430,0,0,0,20,1,NULL,0,0,0,0,48439,46914,388084,46914,3,7198,420694.64,0,0.00,0,0.00,53.00,Medi,502,25728.25,0,0.00,0.00,Small
20,NULL,Hühnerhof Quenstedt GmbH - 12,,,0,5,NULL,NULL,48439,20,1,IP00011GW0278476,Q-374-26-12,0.00,0,NULL,2026-06-18 09:38:22.887,3,2026-06-18 10:23:21.377,NULL,Hühnerhof Quenstedt GmbH - 12,2-DE-1516804,2026-06-18 12:32:41.670,2026-06-18 13:04:55.430,0,0,0,20,1,NULL,0,0,0,0,48439,46914,388085,46914,4,502,25728.25,0,0.00,0,0.00,0.00,Small,0,0.00,0,0.00,0.00,
20,NULL,Hühnerhof Quenstedt GmbH - 12,,,0,5,NULL,NULL,48439,20,1,IP00011GW0278476,Q-374-26-12,0.00,0,NULL,2026-06-18 09:38:22.887,3,2026-06-18 10:23:21.377,NULL,Hühnerhof Quenstedt GmbH - 12,2-DE-1516804,2026-06-18 12:32:41.670,2026-06-18 13:04:55.430,0,0,0,20,1,NULL,0,0,0,0,48439,46914,388086,46914,11,0,0.00,NULL,NULL,NULL,NULL,0.00,Reject,0,0.00,NULL,NULL,0.00,Reject
20,NULL,Hühnerhof Quenstedt GmbH - 12,,,0,5,NULL,NULL,48439,20,1,IP00011GW0278476,Q-374-26-12,0.00,0,NULL,2026-06-18 09:38:22.887,3,2026-06-18 10:23:21.377,NULL,Hühnerhof Quenstedt GmbH - 12,2-DE-1516804,2026-06-18 12:32:41.670,2026-06-18 13:04:55.430,0,0,0,20,1,NULL,0,0,0,0,48439,46914,388087,46914,12,126,7476.53,NULL,NULL,NULL,NULL,0.00,Crack,126,7476.53,NULL,NULL,0.00,Crack
20,NULL,Hühnerhof Quenstedt GmbH - 12,,,0,5,NULL,NULL,48439,20,1,IP00011GW0278476,Q-374-26-12,0.00,0,NULL,2026-06-18 09:38:22.887,3,2026-06-18 10:23:21.377,NULL,Hühnerhof Quenstedt GmbH - 12,2-DE-1516804,2026-06-18 12:32:41.670,2026-06-18 13:04:55.430,0,0,0,20,1,NULL,0,0,0,0,48439,46914,388088,46914,13,82,4906.84,NULL,NULL,NULL,NULL,0.00,Dirt,82,4906.84,NULL,NULL,0.00,Dirt
20,NULL,Hühnerhof Quenstedt GmbH - 12,,,0,5,NULL,NULL,48439,20,1,IP00011GW0278476,Q-374-26-12,0.00,0,NULL,2026-06-18 09:38:22.887,3,2026-06-18 10:23:21.377,NULL,Hühnerhof Quenstedt GmbH - 12,2-DE-1516804,2026-06-18 12:32:41.670,2026-06-18 13:04:55.430,0,0,0,20,1,NULL,0,0,0,0,48439,46914,388089,46914,14,15,899.87,NULL,NULL,NULL,NULL,0.00,Leakr,15,899.87,NULL,NULL,0.00,Leakr
20,NULL,Hühnerhof Quenstedt GmbH - 12,,,0,5,NULL,NULL,48439,20,1,IP00011GW0278476,Q-374-26-12,0.00,0,NULL,2026-06-18 09:38:22.887,3,2026-06-18 10:23:21.377,NULL,Hühnerhof Quenstedt GmbH - 12,2-DE-1516804,2026-06-18 12:32:41.670,2026-06-18 13:04:55.430,0,0,0,20,1,NULL,0,0,0,0,48439,46914,388090,46914,15,0,0.00,NULL,NULL,NULL,NULL,0.00,Blood,0,0.00,NULL,NULL,0.00,Blood
